step,t_old,t_new,dt,Rd,mpp,A_if,m_dot,m_evap_cum,m_drop,m_drop0,mass_closure_err,Ts,Tg0,Tg_min,Tg_max,Tg_if,Tl_if,sumYg0,cp_g0,k_g0,Yg0_NC12H26,Yg_eq_NC12H26
1,0.0,1e-06,1e-06,0.00010000000757081774,0.0,1.2566372517113275e-07,0.0,0.0,3.1189737057880276e-09,3.1179754634843987e-09,9.982423036288475e-13,283.3616688375214,362.9609126223995,362.9609126223995,900.0000000000002,362.9609126223995,298.08548878364695,1.0,1042.9571042251614,0.0303084190841844,0.0007082014854308598,0.00028882956567815156
2,1e-06,2e-06,1e-06,0.00010000000572598293,0.0013758392314828904,1.2566372053455685e-07,1.728930766855454e-10,8.64465383427727e-17,3.1193394185077836e-09,3.1179754634843987e-09,1.3640414699229948e-12,291.7427380563102,355.51126689188004,355.51126689188004,900.0000000000003,355.51126689188004,297.39892913720587,1.0,1041.8718825066865,0.029853104219882614,0.0,0.0006197133319594112
3,2e-06,3e-06,1e-06,0.0001000000060975304,0.0,1.2566372146835758e-07,0.0,1.728930766855454e-16,3.119649180595768e-09,3.1179754634843987e-09,1.6738900044459042e-12,291.90394793963145,348.33189006207795,348.33189006207795,900.0000000000005,348.33189006207795,296.82560676266496,1.0,1041.6178635192357,0.02941198891536819,0.0001557004143634691,0.0006285470610760258
4,3e-06,4e-06,1e-06,0.00010000000595703549,0.00010490926725899874,1.2566372111525532e-07,1.3183288903240603e-11,1.794847211371657e-16,3.1199176141277206e-09,3.1179754634843987e-09,1.942330128042941e-12,291.9444563565927,343.0952699825971,343.0952699825971,900.0000000000006,343.0952699825971,296.3359753265105,1.0,1041.2911206584322,0.02909217784874925,8.270479815674777e-05,0.0006307845814022778
5,4e-06,4.9999999999999996e-06,1e-06,0.00010000000600745519,0.0,1.2566372124197383e-07,0.0,1.86076365588786e-16,3.1201565399733143e-09,3.1179754634843987e-09,2.1812625652813793e-12,291.88386875777405,339.29954055360565,339.29954055360565,900.0000000000006,339.29954055360565,295.90674484665084,1.0,1041.1328984091417,0.02886058716484694,0.00011134014467846238,0.0006274406279355068
6,4.9999999999999996e-06,5.999999999999999e-06,1e-06,0.00010000000596800974,2.948124474225572e-05,1.2566372114283662e-07,3.704722918234541e-12,1.8792872704790328e-16,3.1203730643879463e-09,3.1179754634843987e-09,2.397788832274703e-12,291.77308062749336,336.36734436191966,336.36734436191966,900.0000000000006,336.36734436191966,295.5236971130898,1.0,1040.9869812851323,0.028682221609482174,9.727277438466213e-05,0.0006213673803519261
7,5.999999999999999e-06,6.999999999999999e-06,1e-06,0.0001000000059552725,9.523346607385493e-06,1.2566372111082444e-07,1.1967391721122068e-12,1.9037945809307665e-16,3.1205719035602258e-09,3.1179754634843987e-09,2.5966304552852264e-12,291.6365166128239,334.02800556075056,334.02800556075056,900.0000000000006,334.02800556075056,295.177394724827,1.0,1040.8857026999503,0.028540093084339163,0.00010029823917862391,0.0006139542208306853
8,6.999999999999999e-06,8e-06,1e-06,0.00010000000592820864,2.024196320173978e-05,1.2566372104280552e-07,2.5436804171421624e-12,1.9224966788770384e-16,3.1207562539710016e-09,3.1179754634843987e-09,2.7809827362709563e-12,291.4885700263066,332.0936931910523,332.0936931910523,900.0000000000006,332.0936931910523,294.86136984799185,1.0,1040.7997274265863,0.0284227661856878,9.68615210332738e-05,0.0006060134091182505
9,8e-06,9e-06,1e-06,0.00010000000590390295,1.8184738785622194e-05,1.2566372098171867e-07,2.285161940881865e-12,1.9466408906671587e-16,3.120928445018691e-09,3.1179754634843987e-09,2.953176198381277e-12,291.3364471539844,330.4585685829735,330.4585685829735,900.0000000000007,330.4585685829735,294.5708853145576,0.9999999999999999,1040.7303537455928,0.02832369804370334,9.595619796168281e-05,0.0005979452984361892
10,9e-06,1e-05,1e-06,0.00010000000587733751,1.9881125416961675e-05,1.256637209149524e-07,2.498336195872239e-12,1.970558381350929e-16,3.121090225273969e-09,3.1179754634843987e-09,3.1149588454082437e-12,291.18440900894626,329.04893117115495,329.04893117115495,900.0000000000008,329.04893117115495,294.3023560144677,0.9999999999999999,1040.6711146178347,0.0282383865314812,9.42577611293527e-05,0.0005899787682381478
11,1e-05,1.1000000000000001e-05,1e-06,0.00010000000585097521,1.9734347770337723e-05,1.2566372084869675e-07,2.479891569342821e-12,1.9954495201770043e-16,3.121242957496455e-09,3.1179754634843987e-09,3.267693557008133e-12,291.03481686696637,327.8157206577614,327.8157206577614,900.0000000000009,327.8157206577614,294.0529701064783,1.0,1040.6204030967747,0.028163821747490336,9.295984016884079e-05,0.0005822341288954485
12,1.1000000000000001e-05,1.2000000000000002e-05,1e-06,0.00010000000582439384,1.9903255253977872e-05,1.2566372078189047e-07,2.5011171108865698e-12,2.0203545635781513e-16,3.1213877291060536e-09,3.1179754634843987e-09,3.4124676571111414e-12,290.88905005003534,326.72341281821843,326.72341281821843,900.000000000001,326.72341281821843,293.8204684943161,1.0,1040.5761069051994,0.028097832932298568,9.163460701049922e-05,0.0005747760248037185
13,1.2000000000000002e-05,1.3000000000000003e-05,1e-06,0.00010000000579800446,1.9764065694785365e-05,1.256637207155667e-07,2.483626031673621e-12,2.0452782792909523e-16,3.1215254275941615e-09,3.1179754634843987e-09,3.5501686375907096e-12,290.7478638977342,325.7461168915779,325.7461168915779,900.000000000001,325.7461168915779,293.6029960068296,1.0,1040.5370553523244,0.028038837323844566,9.042262306881536e-05,0.0005676347071184483
14,1.3000000000000003e-05,1.4000000000000003e-05,1e-06,0.00010000000577183524,1.9603383332625596e-05,1.2566372064979632e-07,2.463434086901936e-12,2.07001357988383e-16,3.1216567899236365e-09,3.1179754634843987e-09,3.681533440595847e-12,290.6116470470361,324.864231731243,324.864231731243,900.0000000000011,324.864231731243,293.3990028743307,1.0,1040.5022575165988,0.027985638491194318,8.92688270398927e-05,0.000560820847574096
15,1.4000000000000003e-05,1.5000000000000004e-05,1e-06,0.00010000000574597746,1.9374002220448957e-05,1.256637205848086e-07,2.434609201639959e-12,2.0945037963265396e-16,3.1217824374065055e-09,3.1179754634843987e-09,3.807183372486558e-12,290.480554645421,324.06266661501394,324.06266661501394,900.0000000000011,324.06266661501394,293.2071752170719,1.0,1040.4710025561021,0.02793731579018823,8.818473671763814e-05,0.0005543332236206452
16,1.5000000000000004e-05,1.6000000000000003e-05,1e-06,0.00010000000572045957,1.9122960348371363e-05,1.2566372052067512e-07,2.403062344745691e-12,2.118692154058468e-16,3.121902900507126e-09,3.1179754634843987e-09,3.92764889194285e-12,290.35459658675154,323.3295486789619,323.3295486789619,900.0000000000014,323.3295486789619,293.0263853600144,1.0,1040.4427251943162,0.02789314551672068,8.71601077660811e-05,0.0005481636784177838
17,1.6000000000000003e-05,1.7000000000000003e-05,1e-06,0.00010000000569530284,1.8855683879933604e-05,1.2566372045744938e-07,2.369475388122011e-12,2.1425548427228065e-16,3.1220186370991228e-09,3.1179754634843987e-09,4.043387870208367e-12,290.23369057987634,322.6553894055018,322.6553894055018,900.0000000000014,322.6553894055018,292.8556551701992,1.0,1040.4169838875007,0.027852549673110395,8.619231547758799e-05,0.0005423000463290894
18,1.7000000000000003e-05,1.8000000000000004e-05,1e-06,0.00010000000567051268,1.8584081559742704e-05,1.256637203951449e-07,2.3353448289240753e-12,2.166078943808037e-16,3.1221300461300776e-09,3.1179754634843987e-09,4.1547992535730095e-12,290.1176969851642,322.03249052117485,322.03249052117485,900.0000000000014,322.03249052117485,292.6941285114094,1.0,1040.393423107564,0.027815059628374685,8.5276714183005e-05,0.0005367280117459272
19,1.8000000000000004e-05,1.9000000000000004e-05,1e-06,0.00010000000564608755,1.831334660286594e-05,1.2566372033375787e-07,2.3013232658777205e-12,2.1892622842820458e-16,3.122237478063746e-09,3.1179754634843987e-09,4.262233505575669e-12,290.00644127761626,321.45452606812444,321.45452606812444,900.0000000000014,321.45452606812444,292.54105012438407,1.0,1040.3717543635435,0.02778029052262617,8.440973605831158e-05,0.0005314322621829698
20,1.9000000000000004e-05,2.0000000000000005e-05,1e-06,0.00010000000562202039,1.8047682472455277e-05,1.2566372027327048e-07,2.2679389217994265e-12,2.2121085952204315e-16,3.1223412429862696e-09,3.1179754634843987e-09,4.366000712730273e-12,289.899728974135,320.9162373278815,320.9162373278815,900.0000000000014,320.9162373278815,292.39574917187804,1.0,1040.3517401360443,0.027747922610578353,8.35878705338813e-05,0.0005263972164594074
21,2.0000000000000005e-05,2.1000000000000006e-05,1e-06,0.00010000000559830095,1.7789489690979276e-05,1.2566372021365702e-07,2.2354934552709554e-12,2.2346257571057836e-16,3.1224416169951696e-09,3.1179754634843987e-09,4.466376973346645e-12,289.7973555492214,320.413207764793,320.413207764793,900.0000000000015,320.413207764793,292.257626222595,1.0,1040.3331829167812,0.02771768750119253,8.280795704863784e-05,0.0005216074772186616
22,2.1000000000000006e-05,2.2000000000000006e-05,1e-06,0.00010000000557491698,1.7540287097324634e-05,1.2566372015488672e-07,2.2041777292345733e-12,2.256824113028311e-16,3.1225388473015643e-09,3.1179754634843987e-09,4.563609499576808e-12,289.6991130734169,319.94169373207876,319.94169373207876,900.0000000000016,319.94169373207876,292.1261428180207,1.0,1040.3159168047328,0.027689357813893103,8.20670632476788e-05,0.0005170481077845474
23,2.2000000000000006e-05,2.3000000000000007e-05,1e-06,0.00010000000555185518,1.7300878441891175e-05,1.2566372009692608e-07,2.174092745952755e-12,2.2787154654042477e-16,3.122633156354205e-09,3.1179754634843987e-09,4.65792074135287e-12,289.6047946410056,319.4984954302196,319.4984954302196,900.0000000000016,319.4984954302196,292.0008130078804,1.0,1040.2998012378366,0.027662739297593116,8.136249430197005e-05,0.0005127047944670639
24,2.3000000000000007e-05,2.4000000000000007e-05,1e-06,0.0001000000055291018,1.707161128107223e-05,1.2566372003974059e-07,2.145282180651938e-12,2.3003123400372714e-16,3.1227247452092573e-09,3.1179754634843987e-09,4.749511756092548e-12,289.51419730023974,319.0808571785215,319.0808571785215,900.0000000000016,319.0808571785215,291.8811964074664,1.0,1040.2847161673858,0.02763766474299285,8.06917634956111e-05,0.0005085639343856766
25,2.4000000000000007e-05,2.5000000000000008e-05,1e-06,0.0001000000055066431,1.6852512615809695e-05,1.2566371998329574e-07,2.1177494263680683e-12,2.3216274980723716e-16,3.122813796311226e-09,3.1179754634843987e-09,4.83856498957698e-12,289.4271239557731,318.6863894248819,318.6863894248819,900.0000000000016,318.6863894248819,291.76689244629114,1.0,1040.2705583233942,0.02761398922390309,8.005257680100247e-05,0.0005046126747155109
26,2.5000000000000008e-05,2.600000000000001e-05,1e-06,0.0001000000054844656,1.6643397372620648e-05,1.2566371992755758e-07,2.091471226076049e-12,2.3426736013345923e-16,3.122900475808794e-09,3.1179754634843987e-09,4.925246591755354e-12,289.34338456183525,318.3130070740652,318.3130070740652,900.0000000000016,318.3130070740652,291.6575355601917,1.0,1040.2572382819628,0.027591586335867703,7.944281527734663e-05,0.0005008389204995033
27,2.600000000000001e-05,2.700000000000001e-05,1e-06,0.00010000000546255623,1.6443940549832064e-05,1.2566371987249332e-07,2.0664067388540305e-12,2.363462991159243e-16,3.122984935499479e-09,3.1179754634843987e-09,5.009708361379522e-12,289.2627968233917,317.95888022625513,317.95888022625513,900.0000000000016,317.95888022625513,291.55279113853237,1.0,1040.2446781411932,0.027570345192903137,7.88605201272054e-05,0.0004972313223929122
28,2.700000000000001e-05,2.800000000000001e-05,1e-06,0.00010000000544090256,1.6253729266913915e-05,1.256637198180717e-07,2.042504080596262e-12,2.384007545256494e-16,3.1230673144751123e-09,3.1179754634843987e-09,5.092089391468074e-12,289.185186555552,317.62239445988905,317.62239445988905,900.0000000000016,317.62239445988905,291.4523520816841,1.0,1040.2328096600365,0.027550168007044643,7.830387882505563e-05,0.0004937792519382373
29,2.800000000000001e-05,2.900000000000001e-05,1e-06,0.00010000000541949271,1.6072299065979648e-05,1.256637197642629e-07,2.0197048857946908e-12,2.404318590088449e-16,3.1231477405240365e-09,3.1179754634843987e-09,5.172517471496586e-12,289.1103878059953,317.3021185330152,317.3021185330152,900.0000000000016,317.3021185330152,291.35593585620717,0.9999999999999999,1040.2215727553312,0.027530968120722206,7.777121264655286e-05,0.0004904727694563369
30,2.900000000000001e-05,3.000000000000001e-05,1e-06,0.00010000000539831553,1.5899159506120912e-05,1.2566371971103884e-07,1.997947523818277e-12,2.4244068521365137e-16,3.1232263313338235e-09,3.1179754634843987e-09,5.251110290109963e-12,289.03824281406406,316.99677790713173,316.99677790713173,900.0000000000016,316.99677790713173,291.2632819593274,1.0,1040.210914277318,0.027512668394414762,7.726096535211887e-05,0.0004873025879566779
31,3.000000000000001e-05,3.100000000000001e-05,1e-06,0.0001000000053773605,1.57338119949839e-05,1.2566371965837308e-07,1.9771693396952042e-12,2.444282436454081e-16,3.123303195529134e-09,3.1179754634843987e-09,5.327976472978918e-12,288.96860185862863,316.70523288237877,316.70523288237877,900.0000000000016,316.70523288237877,291.17414972263504,1.0,1040.2007870049792,0.02749519987558956,7.677169295091528e-05,0.0004842600353325746
32,3.100000000000001e-05,3.2000000000000005e-05,1e-06,0.00010000000535661778,1.5575762089681582e-05,1.2566371960624095e-07,1.957308199891264e-12,2.4639548241520134e-16,3.1233784335723816e-09,3.1179754634843987e-09,5.4032164834652485e-12,288.9013230317443,316.4264604157285,316.4264604157285,900.0000000000016,316.4264604157285,291.0883163989675,0.9999999999999999,1040.1911488151957,0.027478500692216083,7.630205443079775e-05,0.0004813370163341623
33,3.2000000000000005e-05,3.3e-05,1e-06,0.00010000000533607822,1.542452782961988e-05,1.256637195546194e-07,1.938303539443775e-12,2.483432882848689e-16,3.123452138549422e-09,3.1179754634843987e-09,5.47692340831189e-12,288.8362719644915,316.15953890386675,316.15953890386675,900.0000000000016,316.15953890386675,291.00557548730035,1.0,1040.1819619916796,0.027462515127000018,7.585080335958293e-05,0.000478525975284829
34,3.3e-05,3.4e-05,1e-06,0.00010000000531573326,1.5279645207583027e-05,1.2566371950348694e-07,1.920097049478512e-12,2.5027248857933e-16,3.1235243968582904e-09,3.1179754634843987e-09,5.549183646380382e-12,288.773321523826,315.90363537014633,315.90363537014633,900.0000000000016,315.90363537014633,290.9257352589487,1.0,1040.1731926459488,0.02744719283812732,7.541678027034725e-05,0.0004758198601465112
35,3.4e-05,3.5e-05,1e-06,0.00010000000529557494,1.5140671598815193e-05,1.2566371945282354e-07,1.9026331081208458e-12,2.521838536581297e-16,3.123595288815708e-09,3.1179754634843987e-09,5.6200775151628525e-12,288.71235149385325,315.6579946144289,315.6579946144289,900.0000000000016,315.6579946144289,290.84861745504935,1.0,1040.1648102299505,0.02743248819957882,7.49989057499562e-05,0.0004732120882932186
36,3.5e-05,3.5999999999999994e-05,1e-06,0.00010000000527559584,1.5007187714996276e-05,1.256637194026106e-07,1.8858590260395972e-12,2.540780997252099e-16,3.123664889193457e-09,3.1179754634843987e-09,5.689679787158187e-12,288.65324825105085,315.4219299760106,315.4219299760106,900.0000000000016,315.4219299760106,290.77405613059096,1.0,1040.1567871229613,0.02741835973969856,7.459617416067484e-05,0.0004706965141850331
37,3.5999999999999994e-05,3.699999999999999e-05,1e-06,0.00010000000525578915,1.4878798521346216e-05,1.2566371935283093e-07,1.8697251616937667e-12,2.559558918190766e-16,3.1237332676946057e-09,3.1179754634843987e-09,5.758060166098933e-12,288.5959044401402,315.1948154302193,315.1948154302193,900.0000000000016,315.1948154302193,290.70189662448706,1.0,1040.149098280245,0.027404769660955817,7.420764792918874e-05,0.00046826739902163645
38,3.699999999999999e-05,3.799999999999999e-05,1e-06,0.00010000000523614846,1.4755133409373303e-05,1.256637193034685e-07,1.8541849430407168e-12,2.578178468714438e-16,3.1238004893779153e-09,3.1179754634843987e-09,5.825283711363609e-12,288.54021865527295,314.97607879402995,314.97607879402995,900.0000000000016,314.97607879402995,290.6319946385942,1.0,1040.1417209321667,0.02739168342722155,7.383245234701941e-05,0.0004659193823794527
39,3.799999999999999e-05,3.8999999999999986e-05,1e-06,0.00010000000521666791,1.4635845864808953e-05,1.2566371925450854e-07,1.839194825807612e-12,2.59664536755868e-16,3.123866615037398e-09,3.1179754634843987e-09,5.891411217535976e-12,288.48609512970995,314.76519585887496,314.76519585887496,900.0000000000016,314.76519585887496,290.56421541133636,1.0,1040.1346343259454,0.02737906940746285,7.346977082955085e-05,0.00046364745578736437
40,3.8999999999999986e-05,3.999999999999998e-05,1e-06,0.00010000000519734202,1.4520612779595248e-05,1.2566371920593726e-07,1.8247142070332015e-12,2.614964912722884e-16,3.123931701542856e-09,3.1179754634843987e-09,5.956499554948674e-12,288.43344343608646,314.5616853026329,314.5616853026329,900.0000000000016,314.5616853026329,290.49843297384245,1.0,1040.127819502431,0.02736689856684637,7.311884058925055e-05,0.0004614469381649404
41,3.999999999999998e-05,4.099999999999998e-05,1e-06,0.00010000000517816575,1.4409133541976944e-05,1.2566371915774204e-07,1.8107053107253916e-12,2.633142010311677e-16,3.12399580214639e-09,3.1179754634843987e-09,6.020601976192521e-12,288.38217819857937,314.36510425958056,314.36510425958056,900.0000000000016,314.36510425958056,290.4345294783552,1.0,1040.1212591029728,0.02735514419785435,7.277894868072163e-05,0.00045931345302912467
42,4.099999999999998e-05,4.199999999999998e-05,1e-06,0.00010000000515913442,1.430112897690535e-05,1.256637191099111e-07,1.7971330547084441e-12,2.651181202138846e-16,3.1240589667590342e-09,3.1179754634843987e-09,6.083768392755899e-12,288.3322188177163,314.1750444485282,314.1750444485282,900.0000000000016,314.1750444485282,290.3723945901843,0.9999999999999999,1040.1149372010611,0.027343781685354496,7.244942838248992e-05,0.0004572429073654205
43,4.199999999999998e-05,4.2999999999999975e-05,1e-06,0.00010000000514024372,1.4196340213911368e-05,1.2566371906243357e-07,1.7839649083556864e-12,2.669086691954167e-16,3.124121242201147e-09,3.1179754634843987e-09,6.146045625417287e-12,288.2834892081565,313.9911287765514,313.9911287765514,900.0000000000016,313.9911287765514,290.3119249357419,1.0,1040.108839155637,0.027332788300573486,7.212965588150358e-05,0.00045523147205587486
44,4.2999999999999975e-05,4.399999999999997e-05,1e-06,0.00010000000512148961,1.409452751330261e-05,1.2566371901529937e-07,1.7711707450850653e-12,2.6868623702213707e-16,3.124182672429605e-09,3.1179754634843987e-09,6.207477631443657e-12,288.2359175494838,313.8130083496639,313.8130083496639,900.0000000000016,313.8130083496639,290.2530236002497,0.9999999999999999,1040.1029514822178,0.02732214301980701,7.18190472325762e-05,0.00045327556375654416
45,4.399999999999997e-05,4.499999999999997e-05,1e-06,0.00010000000510286838,1.3995469096746716e-05,1.256637189684991e-07,1.7587226954058933e-12,2.7045118374238253e-16,3.1242432987444608e-09,3.1179754634843987e-09,6.268105711245827e-12,288.1894360498393,313.64035983305223,313.64035983305223,900.0000000000016,313.64035983305223,290.19559966958576,1.0,1040.0972617399143,0.027311826364372876,7.151705556539754e-05,0.0004513718281196598
46,4.499999999999997e-05,4.5999999999999966e-05,1e-06,0.00010000000508437661,1.3898959990754186e-05,1.2566371892202423e-07,1.7465950015865944e-12,2.7220384259087876e-16,3.1243031599773452e-09,3.1179754634843987e-09,6.327968696789117e-12,288.14398072207575,313.4728831127353,313.4728831127353,900.0000000000016,313.4728831127353,290.13956781147925,1.0,1040.0917584314525,0.027301820258875314,7.122316851713129e-05,0.00044951712426011134
47,4.5999999999999966e-05,4.699999999999996e-05,1e-06,0.0001000000050660111,1.3804810912027945e-05,1.2566371887586665e-07,1.734763877583576e-12,2.7394452203046387e-16,3.12436229266358e-09,3.1179754634843987e-09,6.387103123703573e-12,288.09949117202893,313.3102992180726,313.3102992180726,900.0000000000016,313.3102992180726,290.08484789189004,1.0,1040.0864309150454,0.027292107905311284,7.093690586840236e-05,0.000447708510371545
48,4.699999999999996e-05,4.799999999999996e-05,1e-06,0.00010000000504776896,1.3712847191122599e-05,1.2566371883001914e-07,1.723207373784248e-12,2.756735076561478e-16,3.1244207311997655e-09,3.1179754634843987e-09,6.4455433888742854e-12,288.05591039842375,313.1523484707991,313.1523484707991,900.0000000000016,313.1523484707991,290.03136462293685,1.0,1040.0812693258802,0.02728267367093531,7.065781736532278e-05,0.00044594323040273283
49,4.799999999999996e-05,4.899999999999996e-05,1e-06,0.00010000000502964741,1.3622907754091819e-05,1.2566371878447474e-07,1.7119052490370345e-12,2.7739106396755843e-16,3.124478507988295e-09,3.1179754634843987e-09,6.503321894960181e-12,288.0131846039107,312.9987888314191,312.9987888314191,900.0000000000016,312.9987888314191,289.9790472391937,1.0,1040.0762645065906,0.027273502988101647,7.038548070942883e-05,0.00044421870171141783
50,4.899999999999996e-05,4.9999999999999955e-05,1e-06,0.00010000000501164392,1.353484415213916e-05,1.2566371873922703e-07,1.700838848713687e-12,2.7909743601643377e-16,3.124535653570164e-09,3.1179754634843987e-09,6.560469183201177e-12,287.97126301669863,312.84939441810536,312.84939441810536,900.0000000000016,312.84939441810536,289.92782919955795,1.0,1040.0714079449128,0.027264582264582272,7.011949970179357e-05,0.0004425325036184412
51,4.9999999999999955e-05,5.099999999999995e-05,1e-06,0.00010000000499375616,1.3448519653901192e-05,1.2566371869427017e-07,1.6899909906422032e-12,2.807928509361117e-16,3.1245921967472133e-09,3.1179754634843987e-09,6.617014055665553e-12,287.9300977222516,312.70395417682585,312.70395417682585,900.0000000000016,312.70395417682585,289.87764791222804,1.0,1040.0666917182546,0.02725589880305849,6.985950252645298e-05,0.00044088236679105236
52,5.099999999999995e-05,5.199999999999995e-05,1e-06,0.00010000000497598195,1.3363808387178763e-05,1.2566371864959871e-07,1.6793458572535796e-12,2.824775193600596e-16,3.1246481646948208e-09,3.1179754634843987e-09,6.672983687941311e-12,287.8896435045206,312.56227068444133,312.56227068444133,900.0000000000016,312.56227068444133,289.82844448061275,0.9999999999999999,1040.0621084436866,0.02724744072868042,6.960514016222904e-05,0.0004392661633897965
53,5.199999999999995e-05,5.2999999999999947e-05,1e-06,0.00010000000495831928,1.328059454201914e-05,1.2566371860520757e-07,1.6688888954381487e-12,2.841516367364054e-16,3.124703583065956e-09,3.1179754634843987e-09,6.728403733194259e-12,287.84985769619084,312.42415906904034,312.42415906904034,900.0000000000016,312.42415906904034,289.78016346824273,0.9999999999999999,1040.057651233331,0.027239196923740203,6.935608491070254e-05,0.0004376818979185988
54,5.2999999999999947e-05,5.3999999999999944e-05,1e-06,0.00010000000494076628,1.3198771620538752e-05,1.2566371856109208e-07,1.6586067222755109e-12,2.8581538454526224e-16,3.1247584760874015e-09,3.1179754634843987e-09,6.783298418387313e-12,287.81070003744435,312.28944603392245,312.28944603392245,900.0000000000016,312.28944603392245,289.73275268096836,0.9999999999999999,1040.0533136538706,0.027231156968626862,6.911202903164621e-05,0.00043612769872267924
55,5.3999999999999944e-05,5.499999999999994e-05,1e-06,0.0001000000049233212,1.3118241743985346e-05,1.2566371851724778e-07,1.6484870379573841e-12,2.874689314253787e-16,3.1248128666488492e-09,3.1179754634843987e-09,6.837690633381911e-12,287.7721325427555,312.15796897345103,312.15796897345103,900.0000000000016,312.15796897345103,289.68616296491444,1.0,1040.0490896903298,0.027223311088355226,6.887268347574029e-05,0.0004346018100834615
56,5.499999999999994e-05,5.599999999999994e-05,1e-06,0.00010000000490598239,1.3038915001946242e-05,1.256637184736706e-07,1.6385185440066927e-12,2.891124342163607e-16,3.1248667763854944e-09,3.1179754634843987e-09,6.8916020135299305e-12,287.7341193752567,312.02957517053454,312.02957517053454,900.0000000000016,312.02957517053454,289.6403480188269,1.0,1040.0449737130098,0.02721565010404157,6.863777670767634e-05,0.000433102584863826
57,5.599999999999994e-05,5.6999999999999935e-05,1e-06,0.00010000000488874836,1.2960708853551677e-05,1.2566371843035678e-07,1.6286908680305503e-12,2.9074603892237934e-16,3.1249202257547226e-09,3.1179754634843987e-09,6.945053016362841e-12,287.69662672823745,311.90412106681555,311.90412106681555,900.0000000000016,311.90412106681555,289.5952642195856,1.0,1040.0409604478484,0.027208165388786558,6.840705361109974e-05,0.00043162847766110943
58,5.6999999999999935e-05,5.799999999999993e-05,1e-06,0.0001000000048716177,1.2883547565582286e-05,1.256637183873027e-07,1.6189944931107517e-12,2.9236988160295e-16,3.124973234107376e-09,3.1179754634843987e-09,6.998062992858693e-12,287.6596227133598,311.7814715977667,311.7814715977667,900.0000000000016,311.7814715977667,289.55087045978576,1.0,1040.0370449492032,0.027200848827487963,6.818027446994611e-05,0.0004301780384286852
59,5.799999999999993e-05,5.899999999999993e-05,1e-06,0.0001000000048545891,1.2807361697083738e-05,1.2566371834450518e-07,1.6094206930385346e-12,2.9398408919602467e-16,3.1250258197540535e-09,3.1179754634843987e-09,7.050650253743952e-12,287.6230772551933,311.6614995858595,311.6614995858595,900.0000000000016,311.6614995858595,289.5071279963986,1.0,1040.0332225754198,0.027193692780175617,6.79572140189389e-05,0.00042874990653023453
60,5.899999999999993e-05,5.999999999999993e-05,1e-06,0.0001000000048376613,1.2732087615673584e-05,1.25663718301961e-07,1.5999614715318914e-12,2.955887802783099e-16,3.125078000026858e-09,3.1179754634843987e-09,7.102832131239636e-12,287.5869619917039,311.5440851858026,311.5440851858026,900.0000000000016,311.5440851858026,289.46400030961996,1.0,1040.0294889662619,0.027186690048500425,6.773766055892541e-05,0.0004273428051940928
61,5.999999999999993e-05,6.0999999999999924e-05,1e-06,0.00010000000482083315,1.2657667055078433e-05,1.2566371825966723e-07,1.590609506634048e-12,2.971840657673929e-16,3.1251297913369865e-09,3.1179754634843987e-09,7.154625036653766e-12,287.5512501803376,311.42911537655857,311.42911537655857,900.0000000000016,311.42911537655857,289.421452971099,0.9999999999999999,1040.025840022639,0.027179833845049812,6.752141513093067e-05,0.0004259555363373003
62,6.0999999999999924e-05,6.199999999999992e-05,1e-06,0.00010000000480410359,1.2584046699502033e-05,1.2566371821762123e-07,1.5813580984836099e-12,2.987700495699517e-16,3.1251812092284506e-09,3.1179754634843987e-09,7.206044514101369e-12,287.51591660937686,311.3164834954814,311.3164834954814,900.0000000000016,311.3164834954814,289.3794535208199,1.0,1040.0222718877603,0.02717311776522072,6.730829074548197e-05,0.00042458697573205826
63,6.199999999999992e-05,6.299999999999992e-05,1e-06,0.0001000000047874716,1.2511177804374903e-05,1.256637181758205e-07,1.5722011216565484e-12,3.003468291800218e-16,3.125232268428258e-09,3.1179754634843987e-09,7.257105290688288e-12,287.4809375142545,311.2060888104369,311.2060888104369,900.0000000000016,311.2060888104369,289.3379713519724,1.0,1040.01878093021,0.02716653576139002,6.709811166196971e-05,0.0004232360684891498
64,6.299999999999992e-05,6.399999999999992e-05,1e-06,0.00010000000477093621,1.2439015839557599e-05,1.2566371813426255e-07,1.5631329803297932e-12,3.0191449623101497e-16,3.1252829828933345e-09,3.1179754634843987e-09,7.30782132343217e-12,287.4462904985341,311.09783612624767,311.09783612624767,900.0000000000016,311.09783612624767,289.2969776032097,1.0,1040.0153637281144,0.02716008211915528,6.689071271535641e-05,0.0004219018248351271
65,6.399999999999992e-05,6.499999999999991e-05,1e-06,0.00010000000475449652,1.236752016461288e-05,1.256637180929451e-07,1.554148567474727e-12,3.034731370049172e-16,3.1253333658544093e-09,3.1179754634843987e-09,7.358205843147711e-12,287.411954459285,310.9916354222187,310.9916354222187,900.0000000000016,310.9916354222187,289.25644505774596,1.0,1040.0120170549285,0.027153751435469102,6.668593868566135e-05,0.00042058331616204797
66,6.499999999999991e-05,6.599999999999991e-05,1e-06,0.00010000000473815169,1.2296653722639796e-05,1.2566371805186604e-07,1.5452432263832363e-12,3.050228329018462e-16,3.1253834298571207e-09,3.1179754634843987e-09,7.408271395555049e-12,287.3779095165917,310.88740151783145,310.88740151783145,900.0000000000016,310.88740151783145,289.2163480487931,1.0,1040.0087378660546,0.027147538598462112,6.648364370818172e-05,0.00041927967133007074
67,6.599999999999991e-05,6.699999999999991e-05,1e-06,0.00010000000472190091,1.2226382762413503e-05,1.2566371801102336e-07,1.5364127157507672e-12,3.0656366087291317e-16,3.125433186800526e-09,3.1179754634843987e-09,7.458029879788329e-12,287.34413694695917,310.78505376404087,310.78505376404087,900.0000000000016,310.78505376404087,289.1766623708806,0.9999999999999999,1040.0055232868463,0.02714143876883069,6.628369072042396e-05,0.0004179900732050364
68,6.699999999999991e-05,6.79999999999999e-05,1e-06,0.00010000000470574341,1.215667657570213e-05,1.2566371797041514e-07,1.5276531766665846e-12,3.0809569381912187e-16,3.125482647973203e-09,3.1179754634843987e-09,7.507492584498004e-12,287.3106191203843,310.6845157578517,310.6845157578517,900.0000000000016,310.6845157578517,289.13736519663934,1.0,1040.0023706012364,0.0271354473626177,6.608595094421105e-05,0.0004167137554143482
69,6.79999999999999e-05,6.89999999999999e-05,1e-06,0.00010000000468967847,1.2087507259602525e-05,1.2566371793003954e-07,1.518961102747997e-12,3.0961900095882914e-16,3.1255318240871403e-09,3.1179754634843987e-09,7.556670221742489e-12,287.2773394408852,310.5857150781161,310.5857150781161,900.0000000000016,310.5857150781161,289.0984349986684,1.0,1039.9992772415633,0.02712956003528452,6.589030339940724e-05,0.0004154499993060802
70,6.89999999999999e-05,6.99999999999999e-05,1e-06,0.0001000000046737054,1.2018849491151162e-05,1.2566371788989484e-07,1.5103333118171256e-12,3.111336481661117e-16,3.1255807253095518e-09,3.1179754634843987e-09,7.605572958801116e-12,287.24428229028393,310.4885830406934,310.4885830406934,900.0000000000016,310.4885830406934,289.0598514761308,1.0,1039.9962407788562,0.027123772666953608,6.569663444813554e-05,0.00041419813109707754
71,6.99999999999999e-05,7.09999999999999e-05,1e-06,0.00010000000465782353,1.1950680324113738e-05,1.2566371784997934e-07,1.5017669203647285e-12,3.126396982822026e-16,3.1256293612927523e-09,3.1179754634843987e-09,7.654210448051899e-12,287.2114329750589,310.3930544713015,310.3930544713015,900.0000000000016,310.3930544713015,289.02159548575685,1.0,1039.9932589141679,0.027118081348715788,6.550483736631132e-05,0.00041295751919726627
72,7.09999999999999e-05,7.19999999999999e-05,1e-06,0.00010000000464203223,1.1882978995552969e-05,1.256637178102915e-07,1.4932593192427895e-12,3.1413721140200637e-16,3.125677741202266e-09,3.1179754634843987e-09,7.702591855078713e-12,287.17877767608985,310.2990674945676,310.2990674945676,900.0000000000016,310.2990674945676,288.9836489769569,0.9999999999999999,1039.9903294702394,0.02711248236991915,6.531481194169701e-05,0.00041172757169812403
73,7.19999999999999e-05,7.299999999999989e-05,1e-06,0.00010000000462633089,1.181572675213363e-05,1.256637177708297e-07,1.4848081518373626e-12,3.1562624513754643e-16,3.125725873743234e-09,3.1179754634843987e-09,7.75072588508028e-12,287.14630340113007,310.2065633379154,310.2065633379154,900.0000000000016,310.2065633379154,288.94599493077,1.0,1039.987450384082,0.027106972206354184,6.512646409564073e-05,0.00041050773401431933
74,7.299999999999989e-05,7.399999999999989e-05,1e-06,0.00010000000461071892,1.1748906684089238e-05,1.2566371773159253e-07,1.4764112932042107e-12,3.1710685486006723e-16,3.1257737671852976e-09,3.1179754634843987e-09,7.79862080775383e-12,287.113997939853,310.11548614907315,310.11548614907315,900.0000000000016,310.11548614907315,288.9086173023952,1.0,1039.984619699793,0.027101547509261394,6.493970552795249e-05,0.00040929748666835534
75,7.399999999999989e-05,7.499999999999989e-05,1e-06,0.00010000000459519576,1.1682503576813535e-05,1.2566371769257857e-07,1.4680668314192354e-12,3.1857909392237893e-16,3.1258214293859952e-09,3.1179754634843987e-09,7.846284480690245e-12,287.081849821324,310.02578282609244,310.02578282609244,900.0000000000016,310.02578282609244,288.87150096707256,1.0,1039.9818355621883,0.027096205095093074,6.475445338237869e-05,0.000408096343208684
76,7.499999999999989e-05,7.599999999999988e-05,1e-06,0.00010000000457976085,1.161650376831759e-05,1.2566371765378642e-07,1.4597730496660075e-12,3.2004301386292156e-16,3.12586886781282e-09,3.1179754634843987e-09,7.893724371435388e-12,287.04984827376444,309.93740285887907,309.93740285887907,900.0000000000016,309.93740285887907,288.8346316690965,1.0,1039.9790962105797,0.02709094193597305,6.457062993232311e-05,0.0004069038482526788
77,7.599999999999988e-05,7.699999999999988e-05,1e-06,0.00010000000456441368,1.1550895022498455e-05,1.2566371761521479e-07,1.4515284103102359e-12,3.214986645929097e-16,3.1259160895640027e-09,3.1179754634843987e-09,7.940947578268458e-12,287.0179831864765,309.85029818132193,309.85029818132193,900.0000000000016,309.85029818132193,288.79799597376297,0.9999999999999999,1039.9763999732895,0.027085755150792167,6.438816228452406e-05,0.0004057195756462778
78,7.699999999999988e-05,7.799999999999988e-05,1e-06,0.00010000000454915374,1.1485666406740169e-05,1.2566371757686238e-07,1.4433315395186522e-12,3.2294609456782415e-16,3.1259631013881038e-09,3.1179754634843987e-09,7.987960849799558e-12,286.9862450738108,309.7644230332027,309.7644230332027,900.0000000000016,309.7644230332027,288.76158122206476,1.0,1039.9737452622394,0.027080641996898774,6.420698210051417e-05,0.0004045431267328921
79,7.799999999999988e-05,7.899999999999987e-05,1e-06,0.00010000000453398051,1.1420808183779227e-05,1.2566371753872787e-07,1.4351812136704245e-12,3.243853509444187e-16,3.126009909702493e-09,3.1179754634843987e-09,8.0347706034456e-12,286.9546250410604,309.6797338311226,309.6797338311226,900.0000000000016,309.6797338311226,288.7253754879623,1.0,1039.971130568216,0.027075599862328135,6.402702533376575e-05,0.0004033741287245253
80,7.899999999999987e-05,7.999999999999987e-05,1e-06,0.00010000000451889351,1.135631170660096e-05,1.256637175008101e-07,1.4270763461494455e-12,3.2581647972432864e-16,3.1260565206107886e-09,3.1179754634843987e-09,8.081382942869753e-12,286.9231147521772,309.59618904777415,309.59618904777415,900.0000000000016,309.59618904777415,288.6893675380709,1.0,1039.9685544561416,0.0270706262585397,6.38482319824985e-05,0.000402212233168724
81,7.999999999999987e-05,8.099999999999987e-05,1e-06,0.00010000000450389227,1.1292169326260701e-05,1.256637174631079e-07,1.4190159757607982e-12,3.2723952588528377e-16,3.126102939919313e-09,3.1179754634843987e-09,8.127803674440272e-12,286.891706399208,309.5137490989245,309.5137490989245,900.0000000000016,309.5137490989245,288.653546793616,1.0,1039.9660155609743,0.02706571881361683,6.367054585621696e-05,0.0004010571145053122
82,8.099999999999987e-05,8.199999999999987e-05,1e-06,0.0001000000044889763,1.1228374301634915e-05,1.2566371742561993e-07,1.4109992553897426e-12,3.2865453350085904e-16,3.1261491731526383e-09,3.1179754634843987e-09,8.174038322773217e-12,286.86039267335684,309.43237623754214,309.43237623754214,900.0000000000016,309.43237623754214,288.617903294518,1.0,1039.9635125835664,0.02706087526589875,6.349391435608891e-05,0.00039990846870731865
83,8.199999999999987e-05,8.299999999999986e-05,1e-06,0.00010000000447414514,1.1164920720952317e-05,1.256637173883452e-07,1.4030254421410312e-12,3.3006154584962445e-16,3.126195225568269e-09,3.1179754634843987e-09,8.220092145416154e-12,286.8291667375843,309.35203445454556,309.35203445454556,900.0000000000016,309.35203445454556,288.5824276654772,0.9999999999999999,1039.9610442871017,0.027056093458013238,6.331828826735548e-05,0.0003987660120009215
84,8.299999999999986e-05,8.399999999999986e-05,1e-06,0.00010000000445939834,1.1101803424309643e-05,1.2566371735128242e-07,1.3950938876019463e-12,3.3146060551449593e-16,3.1262411021705113e-09,3.1179754634843987e-09,8.265970146717905e-12,286.79802220066057,309.27268938569574,309.27268938569574,900.0000000000016,309.27268938569574,288.5471110839419,1.0,1039.9586094934534,0.027051371331272417,6.314362156400445e-05,0.0003976294796595967
85,8.399999999999986e-05,8.499999999999986e-05,1e-06,0.00010000000444473544,1.1039017936981599e-05,1.2566371731443053e-07,1.3872040294617836e-12,3.328517544730278e-16,3.126286807723587e-09,3.1179754634843987e-09,8.311677090942667e-12,286.76695309259173,309.19430822419537,309.19430822419537,900.0000000000016,309.19430822419537,288.5119452498437,1.0,1039.9562070800862,0.027046706920423713,6.296987122401893e-05,0.0003964986248678627
86,8.499999999999986e-05,8.599999999999985e-05,1e-06,0.00010000000443015601,1.097656040292477e-05,1.2566371727778844e-07,1.3793553831557058e-12,3.3423503417933655e-16,3.1263323467640358e-09,3.1179754634843987e-09,8.357217514671105e-12,286.73595384134615,309.11685963858844,309.11685963858844,900.0000000000016,309.11685963858844,288.476922356999,0.9999999999999999,1039.9538359768421,0.02704209834870991,6.279699705550253e-05,0.0003953732176505098
87,8.599999999999985e-05,8.699999999999985e-05,1e-06,0.0001000000044156596,1.0914427528212543e-05,1.2566371724135498e-07,1.3715475347565621e-12,3.356104856382927e-16,3.12637772361243e-09,3.1179754634843987e-09,8.402595738516955e-12,286.70501925081214,309.04031369559726,309.04031369559726,900.0000000000016,309.04031369559726,288.442035066078,1.0,1039.951495163235,0.02703754382323511,6.262496153211078e-05,0.0003942530438633999
88,8.699999999999985e-05,8.799999999999985e-05,1e-06,0.0001000000044012458,1.0852616523987883e-05,1.2566371720512916e-07,1.3637801338061252e-12,3.3697814947257405e-16,3.1264229423844824e-09,3.1179754634843987e-09,8.447815878233159e-12,286.674144479916,308.96464178754815,308.96464178754815,900.0000000000016,308.96464178754815,288.4072764790489,1.0,1039.9491836656102,0.027033041630601926,6.245372963817766e-05,0.000393137904242004
89,8.799999999999985e-05,8.899999999999985e-05,1e-06,0.00010000000438691415,1.0791125058625352e-05,1.256637171691098e-07,1.3560528873035896e-12,3.383380659831289e-16,3.1264680070015297e-09,3.1179754634843987e-09,8.492881855196797e-12,286.64332502284435,308.8898165640822,308.8898165640822,900.0000000000016,308.8898165640822,288.37264011501424,1.0,1039.94690055478,0.027028590132803496,6.228326872201248e-05,0.00039202761350449014
90,8.899999999999985e-05,8.999999999999984e-05,1e-06,0.00010000000437266425,1.0729951208808612e-05,1.2566371713329587e-07,1.3483655535577916e-12,3.396902752035596e-16,3.1265129212004773e-09,3.1179754634843987e-09,8.537797406353864e-12,286.61255669030743,308.8158118678582,308.8158118678582,900.0000000000016,308.8158118678582,288.3381198873577,1.0,1039.9446449435022,0.027024187763369335,6.21135483578631e-05,0.0003909219995059683
91,8.999999999999984e-05,9.099999999999984e-05,1e-06,0.00010000000435849564,1.0669093419197978e-05,1.2566371709768628e-07,1.3407179371188812e-12,3.4103481694889794e-16,3.126557688543199e-09,3.1179754634843987e-09,8.582566093617283e-12,286.5818355917888,308.7426026739763,308.7426026739763,900.0000000000016,308.7426026739763,288.30371008212774,1.0,1039.9424159844089,0.027019833023717993,6.194454021508443e-05,0.00038982090244095755
92,9.099999999999984e-05,9.199999999999984e-05,1e-06,0.00010000000434440791,1.0608550460526608e-05,1.2566371706227994e-07,1.3331098835125352e-12,3.4237173085921365e-16,3.1266023124254512e-09,3.1179754634843987e-09,8.627191312783499e-12,286.5511581187301,308.67016503288704,308.67016503288704,900.0000000000016,308.67016503288704,288.26940533758653,1.0,1039.940212867763,0.027015524479734637,6.177621793503513e-05,0.0003887241740912848
93,9.199999999999984e-05,9.299999999999983e-05,1e-06,0.00010000000433040064,1.0548321395708161e-05,1.2566371702707582e-07,1.3255412749809199e-12,3.437010564384604e-16,3.126646796085309e-09,3.1179754634843987e-09,8.671676301966825e-12,286.5205209286012,308.59847601654957,308.59847601654957,900.0000000000016,308.59847601654957,288.23520062486097,0.9999999999999999,1039.938034819645,0.027011260758532704,6.160855701434837e-05,0.00038763167711677583
94,9.299999999999983e-05,9.399999999999983e-05,1e-06,0.0001000000043164734,1.0488405543985385e-05,1.2566371699207284e-07,1.3180120259774673e-12,3.450228330889396e-16,3.1266911426111534e-09,3.1179754634843987e-09,8.716024149587939e-12,286.48992092980694,308.5275136676336,308.5275136676336,900.0000000000016,308.5275136676336,288.2010912296306,0.9999999999999999,1039.9358810999463,0.027007040545405266,6.144153469512068e-05,0.00038654328438622246
95,9.399999999999983e-05,9.499999999999983e-05,1e-06,0.00010000000430262578,1.0428802452592832e-05,1.2566371695726998e-07,1.3105220796059086e-12,3.463371001417313e-16,3.1267353549492554e-09,3.1179754634843987e-09,8.76023780195665e-12,286.45935526738987,308.4572569515681,308.4572569515681,900.0000000000016,308.4572569515681,288.16707273479807,1.0,1039.9337510007829,0.027002862580947404,6.127512986072158e-05,0.00038545887834640465
96,9.499999999999983e-05,9.599999999999983e-05,1e-06,0.00010000000428885735,1.0369511866106645e-05,1.2566371692266614e-07,1.3030714037686529e-12,3.476438968834186e-16,3.1267794359109458e-09,3.1179754634843987e-09,8.804320070443965e-12,286.4288213094831,308.38768571125564,308.38768571125564,900.0000000000016,308.38768571125564,288.1331410040849,1.0,1039.9316438446956,0.0269987256583355,6.11093229378179e-05,0.00038437835042688895
97,9.599999999999983e-05,9.699999999999982e-05,1e-06,0.0001000000042751677,1.0310533702894346e-05,1.256637168882603e-07,1.2956599882073811e-12,3.489432625794066e-16,3.1268233881794244e-09,3.1179754634843987e-09,8.848273638288135e-12,286.398316634478,308.3187806242871,308.3187806242871,900.0000000000016,308.3187806242871,288.0992921665033,1.0,1039.9295589832577,0.02699462862076133,6.094409580335739e-05,0.000383301600478673
98,9.699999999999982e-05,9.799999999999982e-05,1e-06,0.00010000000426155638,1.0251868028946946e-05,1.2566371685405134e-07,1.2882878412146903e-12,3.5023523649411766e-16,3.1268672143162067e-09,3.1179754634843987e-09,8.89210106704459e-12,286.367839018866,308.25052316249935,308.25052316249935,900.0000000000016,308.25052316249935,288.06552260165455,1.0,1039.9274957954606,0.02699057035900072,6.0779431697141395e-05,0.0003822285362446727
99,9.799999999999982e-05,9.899999999999982e-05,1e-06,0.000100000004248023,1.0193515038442213e-05,1.2566371682003823e-07,1.2809549871916034e-12,3.515198579083208e-16,3.126910916767249e-09,3.1179754634843987e-09,8.935804802708324e-12,286.33738642572115,308.1828955537324,308.1828955537324,900.0000000000016,308.1828955537324,288.03182892581,1.0,1039.9254536864898,0.026986549809125814,6.0615315138778166e-05,0.0003811590728603059
100,9.899999999999982e-05,9.999999999999982e-05,1e-06,0.0001000000042345671,1.0135475031445286e-05,1.2566371678621988e-07,1.2736614638453435e-12,3.5279716613383925e-16,3.126954497868738e-09,3.1179754634843987e-09,8.979387181505391e-12,286.30695699378947,308.1158807456486,308.1158807456486,900.0000000000016,308.1158807456486,287.9982079787306,0.9999999999999999,1039.9234320862718,0.026982565950324514,6.045173184966446e-05,0.00038009313238245035
101,9.999999999999982e-05,0.00010099999999999981,1e-06,0.00010000000422118829,1.0077748398002182e-05,1.2566371675259524e-07,1.2664073201904667e-12,3.5406720052585716e-16,3.1269979598526118e-09,3.1179754634843987e-09,9.022850435413517e-12,286.2765490271539,308.0494623714952,308.0494623714952,900.0000000000016,308.0494623714952,287.9646568111867,0.9999999999999999,1039.9214304483999,0.026978617802855768,6.028866867883915e-05,0.00037903064334522235
102,0.00010099999999999981,0.00010199999999999981,1e-06,0.00010000000420788613,1.0020335599172234e-05,1.2566371671916327e-07,1.2591926141653267e-12,3.5533000049303506e-16,3.127041304851761e-09,3.1179754634843987e-09,9.066196697362579e-12,286.2461609854444,307.9836247176854,307.9836247176854,900.0000000000016,307.9836247176854,287.9311726731385,0.9999999999999999,1039.919448248822,0.026974704426098242,6.0126113533372794e-05,0.00037797154034103293
103,0.00010199999999999981,0.0001029999999999998,1e-06,0.00010000000419466022,9.963237154158356e-06,1.2566371668592292e-07,1.2520174110148167e-12,3.5658560550562513e-16,3.127084534904995e-09,3.1179754634843987e-09,9.109428006201826e-12,286.2157914745656,307.9183526930963,307.9183526930963,900.0000000000016,307.9183526930963,287.89775300254263,1.0,1039.9174849848935,0.026970824916711145,5.9964055312173424e-05,0.0003769157636255541
104,0.0001029999999999998,0.0001039999999999998,1e-06,0.00010000000418151012,9.90645362420409e-06,1.2566371665287315e-07,1.244881781266811e-12,3.578340551017659e-16,3.127127651961736e-09,3.1179754634843987e-09,9.152546311392476e-12,286.18543923791395,307.8536317999794,307.8536317999794,900.0000000000016,307.8536317999794,287.86439541475136,1.0,1039.9155401741964,0.026966978406890274,5.9802483843890295e-05,0.0003758632587452101
105,0.0001039999999999998,0.0001049999999999998,1e-06,0.0001000000041684354,9.849985602331139e-06,1.2566371662001277e-07,1.237785799442546e-12,3.590753888921206e-16,3.1271706578864784e-09,3.1179754634843987e-09,9.195553477468699e-12,286.155103148061,307.78944810638654,307.78944810638654,900.0000000000016,307.78944810638654,287.83109769247153,1.0,1039.9136133537038,0.026963164062713003,5.964138982782839e-05,0.00037481397618601607
106,0.0001049999999999998,0.0001059999999999998,1e-06,0.00010000000415543564,9.793833699692396e-06,1.256637165873408e-07,1.2307295423416928e-12,3.603096465630127e-16,3.1272135544630293e-09,3.1179754634843987e-09,9.238451288277332e-12,286.1247821988778,307.7257882200299,307.7257882200299,900.0000000000016,307.7257882200299,287.7978577762557,1.0,1039.9117040787055,0.02695938108257087,5.9480764778573925e-05,0.00037376787104254907
107,0.0001059999999999998,0.0001069999999999998,1e-06,0.00010000000414251042,9.73799853754998e-06,1.256637165548562e-07,1.2237130880342848e-12,3.615368678782007e-16,3.1272563433985237e-09,3.1179754634843987e-09,9.281241450993014e-12,286.0944754980768,307.6626392634863,307.6626392634863,900.0000000000016,307.6626392634863,287.7646737554945,1.0,1039.9098119220805,0.02695562869568403,5.9320600973277634e-05,0.00037272490270591187
108,0.0001069999999999998,0.00010799999999999979,1e-06,0.00010000000412965932,9.68248073574233e-06,1.2566371652255785e-07,1.2167365144114516e-12,3.627570926794236e-16,3.1272990263272355e-09,3.1179754634843987e-09,9.323925599929422e-12,286.06418226015063,307.5999888506721,307.5999888506721,900.0000000000016,307.5999888506721,287.73154385988573,1.0,1039.907936473316,0.026951906160688884,5.916089140229048e-05,0.0003716850345696713
109,0.00010799999999999979,0.00010899999999999979,1e-06,0.0001000000041168819,9.627280906570202e-06,1.2566371649044468e-07,1.2097998984171092e-12,3.6397036088583785e-16,3.1273416048142066e-09,3.1179754634843987e-09,9.366505300168937e-12,286.03390179968846,307.53782506451796,307.53782506451796,900.0000000000016,307.53782506451796,287.6984664513541,1.0,1039.9060773378708,0.02694821276430262,5.9001629722140806e-05,0.00037064823375281236
110,0.00010899999999999979,0.00010999999999999979,1e-06,0.00010000000410417775,9.57239964507414e-06,1.2566371645851567e-07,1.2029033148261928e-12,3.6517671249245953e-16,3.1273840803586812e-09,3.1179754634843987e-09,9.408982050995029e-12,286.00363352504854,307.47613643577006,307.47613643577006,900.0000000000016,307.47613643577006,287.6654400163979,1.0,1039.9042341362792,0.026944547820049982,5.884281021156293e-05,0.00036961447083871826
111,0.00010999999999999979,0.00011099999999999978,1e-06,0.0001000000040915464,9.517837524558578e-06,1.2566371642676962e-07,1.196046835682196e-12,3.663761875677137e-16,3.1274264543973727e-09,3.1179754634843987e-09,9.451357289161693e-12,285.973376932369,307.41491192286276,307.41491192286276,900.0000000000016,307.41491192286276,287.6324631588409,1.0,1039.9024065035956,0.026940910667058074,5.868442772957617e-05,0.0003685837196292978
112,0.00011099999999999978,0.00011199999999999978,1e-06,0.00010000000407898745,9.46359508842039e-06,1.2566371639520554e-07,1.18923052927032e-12,3.6756882625018996e-16,3.1274687283075675e-09,3.1179754634843987e-09,9.49363239199496e-12,285.943131599901,307.35414089279413,307.35414089279413,900.0000000000016,307.35414089279413,287.5995345929668,1.0,1039.9005940885738,0.02693730066891031,5.852647767633187e-05,0.0003675559569134868
113,0.00011199999999999978,0.00011299999999999978,1e-06,0.00010000000406650048,9.40967284705559e-06,1.2566371636382236e-07,1.1824544597287543e-12,3.687546687446895e-16,3.1275109034100744e-09,3.1179754634843987e-09,9.535808680344277e-12,285.91289718264676,307.2938131029572,307.2938131029572,900.0000000000016,307.2938131029572,287.56665313701785,1.0,1039.8987965531828,0.026933717212556024,5.836895595576773e-05,0.0003665311622492892
114,0.00011299999999999978,0.00011399999999999978,1e-06,0.00010000000405408502,9.356071271020628e-06,1.256637163326189e-07,1.1757186861893012e-12,3.6993375531764854e-16,3.127552980972009e-09,3.1179754634843987e-09,9.577887421365554e-12,285.88267340728606,307.2339186838695,307.2339186838695,900.0000000000016,307.2339186838695,287.53381770703794,0.9999999999999999,1039.8970135718541,0.02693015970727932,5.821185894078089e-05,0.0003655093177586118
115,0.00011399999999999978,0.00011499999999999977,1e-06,0.00010000000404174067,9.302790789120117e-06,1.256637163015942e-07,1.169023262537074e-12,3.711061262920117e-16,3.127594962209467e-09,3.1179754634843987e-09,9.61986983119462e-12,285.85246006737725,307.17444812275073,307.17444812275073,900.0000000000016,307.17444812275073,287.5010273110412,1.0,1039.8952448310597,0.026926627583710915,5.8055183439974784e-05,0.0003644904079341982
116,0.00011499999999999977,0.00011599999999999977,1e-06,0.00010000000402946699,9.249831782690277e-06,1.2566371627074705e-07,1.1623682366921293e-12,3.722718220416263e-16,3.12763684829004e-09,3.1179754634843987e-09,9.661757077463081e-12,285.82225701882004,307.1153922479083,307.1153922479083,900.0000000000016,307.1153922479083,287.4682810434913,1.0,1039.8934900286197,0.02692312029289637,5.789892666670374e-05,0.00036347441945805826
117,0.00011599999999999977,0.00011699999999999977,1e-06,0.00010000000401726355,9.197194584690746e-06,1.2566371624007646e-07,1.1557536504953458e-12,3.7343088298522003e-16,3.127678640335217e-09,3.1179754634843987e-09,9.703550281701292e-12,285.79206417556355,307.0567422138805,307.0567422138805,900.0000000000016,307.0567422138805,287.4355780800738,1.0,1039.8917488733382,0.02691963730540165,5.774308620949867e-05,0.0003624613410306508
118,0.00011699999999999977,0.00011799999999999976,1e-06,0.00010000000400512992,9.144879474952048e-06,1.2566371620958132e-07,1.1491795391111993e-12,3.7458334958002333e-16,3.1277203394226605e-09,3.1179754634843987e-09,9.745250521611438e-12,285.76188150554987,306.99848948730494,306.99848948730494,900.0000000000016,306.99848948730494,287.4029176727463,1.0,1039.890021084362,0.026916178110472366,5.758766000458077e-05,0.00036145116321032594
119,0.00011799999999999976,0.00011899999999999976,1e-06,0.00010000000399306566,9.092886680101121e-06,1.2566371617926053e-07,1.1426459310184058e-12,3.757292623150881e-16,3.1277619465883736e-09,3.1179754634843987e-09,9.786858833237237e-12,285.73170902687934,306.9406258334607,306.9406258334607,900.0000000000016,306.9406258334607,287.37029914505297,1.0,1039.8883063908672,0.026912742215222742,5.7432646309574945e-05,0.00036044387826241646
120,0.00011899999999999976,0.00011999999999999976,1e-06,0.00010000000398107035,9.041216369623622e-06,1.25663716149113e-07,1.136152847515097e-12,3.768686617043549e-16,3.1278034628287563e-09,3.1179754634843987e-09,9.828376213019066e-12,285.7015468041882,306.8831433034659,306.8831433034659,900.0000000000016,306.8831433034659,287.33772188768927,1.0,1039.8866045314687,0.02690932914387186,5.727804367913881e-05,0.00035943948001749686
121,0.00011999999999999976,0.00012099999999999976,1e-06,0.00010000000396914354,8.989868656500081e-06,1.2566371611913765e-07,1.1297003027987596e-12,3.780015882795118e-16,3.1278448891025586e-09,3.1179754634843987e-09,9.869803619748178e-12,285.6713949452242,306.82603422207916,306.82603422207916,900.0000000000016,306.82603422207916,287.30518535430366,1.0,1039.8849152539478,0.026905938437011116,5.712385094162819e-05,0.00035843796373821393
122,0.00012099999999999976,0.00012199999999999975,1e-06,0.00010000000395728482,8.93884359395284e-06,1.2566371608933345e-07,1.123288303557447e-12,3.791280825826899e-16,3.12788622633274e-09,3.1179754634843987e-09,9.911141976423719e-12,285.6412535976144,306.7692911760862,306.7692911760862,900.0000000000016,306.7692911760862,287.27268905752436,1.0,1039.8832383147067,0.026902569650911128,5.69700671775108e-05,0.0003574393259943329
123,0.00012199999999999975,0.00012299999999999976,1e-06,0.00010000000394549374,8.88814117666576e-06,1.2566371605969926e-07,1.1169168491230472e-12,3.802481851590301e-16,3.1279274754082293e-09,3.1179754634843987e-09,9.952392172015866e-12,285.61112294581227,306.7129070032328,306.7129070032328,900.0000000000016,306.7129070032328,287.2402325652006,0.9999999999999999,1039.8815734785358,0.026899222356856413,5.681669169867552e-05,0.0003564435645454829
124,0.00012299999999999976,0.00012399999999999976,1e-06,0.00010000000393376986,8.837761338111805e-06,1.256637160302339e-07,1.1105859311354618e-12,3.8136193654915937e-16,3.1279686371856065e-09,3.1179754634843987e-09,9.993555063144176e-12,285.581003208215,306.6568747816814,306.6568747816814,900.0000000000016,306.6568747816814,287.20781549684426,1.0000000000000002,1039.8799205181049,0.026895896140516767,5.666372402935208e-05,0.00035545067823115146
125,0.00012399999999999976,0.00012499999999999976,1e-06,0.00010000000392211275,8.787703952262517e-06,1.256637160009364e-07,1.1042955337574234e-12,3.8246937728160582e-16,3.128009712490693e-09,3.1179754634843987e-09,1.0034631475671563e-11,285.5508946344445,306.6011878199602,306.6011878199602,900.0000000000016,306.6011878199602,287.17543752026575,1.0,1039.8782792137697,0.02689259060134305,5.65111638877813e-05,0.00035446066686760987
126,0.00012499999999999976,0.00012599999999999976,1e-06,0.00010000000391052199,8.737968831389556e-06,1.2566371597180564e-07,1.0980456333982277e-12,3.8357054786518367e-16,3.1280507021200684e-09,3.1179754634843987e-09,1.0075622206217625e-11,285.52079750278125,306.5458396473835,306.5458396473835,900.0000000000016,306.5458396473835,287.14309834839094,1.0,1039.8766493530948,0.026889305351995893,5.635901116937654e-05,0.0003534735311513199
127,0.00012599999999999976,0.00012699999999999975,1e-06,0.00010000000389899715,8.688555728178379e-06,1.2566371594284056e-07,1.091836198979348e-12,3.846654887813725e-16,3.1280916068425065e-09,3.1179754634843987e-09,1.0116528023596696e-11,285.49071211774435,306.4908240049151,306.4908240049151,900.0000000000016,306.4908240049151,287.11079773625084,1.0,1039.8750307306918,0.02688604001779684,5.6207265930519866e-05,0.0003524892725684794
128,0.00012699999999999975,0.00012799999999999975,1e-06,0.00010000000388753778,8.639464333931334e-06,1.2566371591404003e-07,1.0856671917086283e-12,3.8575424047671647e-16,3.128132427400341e-09,3.1179754634843987e-09,1.0157349670182697e-11,285.46063880781014,306.43613483645606,306.43613483645606,900.0000000000016,306.43613483645606,287.0785354781358,1.0,1039.8734231477765,0.026882794236208672,5.605592837372382e-05,0.00035150789331038577
129,0.00012799999999999975,0.00012899999999999975,1e-06,0.00010000000387614347,8.590694281000427e-06,1.25663715885403e-07,1.0795385653859938e-12,3.868368433552638e-16,3.128173164510771e-09,3.1179754634843987e-09,1.0198087863215665e-11,285.43057792326215,306.3817662805333,306.3817662805333,900.0000000000016,306.3817662805333,287.0463114049048,1.0,1039.871826412034,0.026879567656336284,5.5904998833330884e-05,0.00035052939619427425
130,0.00012899999999999975,0.00012999999999999974,1e-06,0.00010000000386481379,8.542245141323037e-06,1.256637158569284e-07,1.073450266219445e-12,3.879133377710665e-16,3.128213818867091e-09,3.1179754634843987e-09,1.0238743296030118e-11,285.40052983416507,306.32771266236915,306.32771266236915,900.0000000000016,306.32771266236915,287.01412538144234,1.0,1039.8702403371992,0.026876359938453387,5.575447776247132e-05,0.0003495537845893167
131,0.00012999999999999974,0.00013099999999999974,1e-06,0.00010000000385354829,8.494116429114033e-06,1.256637158286151e-07,1.0674022331633566e-12,3.889837640207579e-16,3.1282543911398625e-09,3.1179754634843987e-09,1.0279316639227582e-11,285.37049492845796,306.2739684863142,306.2739684863142,900.0000000000016,306.2739684863142,286.98197730425574,1.0,1039.868664742957,0.026873170753548906,5.560436572046126e-05,0.0003485810623475434
132,0.00013099999999999974,0.00013199999999999974,1e-06,0.00010000000384234654,8.446307599667615e-06,1.2566371580046205e-07,1.061394397767914e-12,3.9004816233622354e-16,3.1282948819780337e-09,3.1179754634843987e-09,1.0319808541797422e-11,285.34047361015797,306.2205284286232,306.2205284286232,900.0000000000016,306.2205284286232,286.9498670992044,0.9999999999999999,1039.867099454542,0.026869999782893915,5.545466336137079e-05,0.00034761123373932813
133,0.00013199999999999974,0.00013299999999999974,1e-06,0.00010000000383120814,8.398818052258452e-06,1.256637157724682e-07,1.0554266845436811e-12,3.9110657287737936e-16,3.128335292010002e-09,3.1179754634843987e-09,1.0360219632176047e-11,285.3104662976713,306.1673873305587,306.1673873305587,900.0000000000016,306.1673873305587,286.9177947193556,1.0,1039.8655443026596,0.0268668467176316,5.5305371422941936e-05,0.0003466443033932622
134,0.00013299999999999974,0.00013399999999999973,1e-06,0.00010000000382013265,8.351647129152551e-06,1.2566371574463244e-07,1.0494990108373017e-12,3.9215903572506984e-16,3.1283756218446097e-09,3.1179754634843987e-09,1.0400550519246556e-11,285.28047342220475,306.1145401918056,306.1145401918056,900.0000000000016,306.1145401918056,286.8857601429595,1.0,1039.8639991231148,0.026863711258381048,5.515649071659236e-05,0.00034568027624012876
135,0.00013399999999999973,0.00013499999999999973,1e-06,0.00010000000380911965,8.304794118670613e-06,1.2566371571695376e-07,1.0436112872164533e-12,3.932055908740967e-16,3.128415872072112e-09,3.1179754634843987e-09,1.044080179330406e-11,285.25049542627215,306.0619821641818,306.0619821641818,900.0000000000016,306.0619821641818,286.8537633715378,0.9999999999999999,1039.86246375675,0.02686059311486019,5.5008022117699313e-05,0.0003447191574607449
136,0.00013499999999999973,0.00013599999999999973,1e-06,0.00010000000379816871,8.258258254370456e-06,1.2566371568943104e-07,1.037763417367106e-12,3.942462782263885e-16,3.1284560432650795e-09,3.1179754634843987e-09,1.0480974026958959e-11,285.22053276229207,306.0097085456317,306.0097085456317,900.0000000000016,306.0097085456317,286.8218044280798,1.0,1039.8609380490934,0.026857492005528415,5.485996655688403e-05,0.000343760952437471
137,0.00013599999999999973,0.00013699999999999973,1e-06,0.00010000000378727939,8.212038718223025e-06,1.256637156620632e-07,1.031955298492632e-12,3.952811375843184e-16,3.128496135979265e-09,3.1179754634843987e-09,1.0521067776003835e-11,285.19058589126996,305.95771477448415,305.95771477448415,900.0000000000016,305.95771477448415,286.7898833553397,1.0,1039.8594218503197,0.02685440765724318,5.471232501151455e-05,0.00034280566670913675
138,0.00013699999999999973,0.00013799999999999972,1e-06,0.00010000000377645128,8.166134639933267e-06,1.256637156348492e-07,1.0261868212284656e-12,3.96310208644179e-16,3.1285361507544243e-09,3.1179754634843987e-09,1.0561083580234421e-11,285.16065528156344,305.90599642396745,305.90599642396745,900.0000000000016,305.90599642396745,286.7580002142321,1.0,1039.8579150149135,0.026851339804929,5.456509849813316e-05,0.0003418533059292715
139,0.00013799999999999972,0.00013899999999999972,1e-06,0.00010000000376568398,8.120545100192764e-06,1.25663715607788e-07,1.0204578700508397e-12,3.9733353098981863e-16,3.1285760881150995e-09,3.1179754634843987e-09,1.0601021964231705e-11,285.13074140772267,305.85454919696804,305.85454919696804,900.0000000000016,305.85454919696804,286.7261550823175,1.0,1039.8564174016456,0.02684828819126717,5.441828806505066e-05,0.0003409038758273396
140,0.00013899999999999972,0.00013999999999999972,1e-06,0.00010000000375497703,8.07526913010572e-06,1.2566371558087852e-07,1.0147683232046535e-12,3.9835114408644636e-16,3.12861594857135e-09,3.1179754634843987e-09,1.0640883438095636e-11,285.10084474940516,305.8033689210176,305.8033689210176,900.0000000000016,305.8033689210176,286.69434805237626,1.0,1039.854928873258,0.026845252566394195,5.427189478579584e-05,0.00033995738217290785
141,0.00013999999999999972,0.00014099999999999971,1e-06,0.00010000000374433005,8.030305714494162e-06,1.2566371555411972e-07,1.0091180531188164e-12,3.9936308727460807e-16,3.1286557326194697e-09,3.1179754634843987e-09,1.0680668498158157e-11,285.0709657903584,305.7524515435003,305.7524515435003,900.0000000000016,305.7524515435003,286.6625792310642,0.9999999999999999,1039.853449296454,0.02684223268761617,5.4125919752677666e-05,0.00033901383074249274
142,0.00014099999999999971,0.0001419999999999997,1e-06,0.00010000000373374257,7.98565379139361e-06,1.256637155275105e-07,1.0035069263428723e-12,4.003693997643389e-16,3.128695440742646e-09,3.1179754634843987e-09,1.0720377627647427e-11,285.04110501746885,305.7017931270711,305.7017931270711,900.0000000000016,305.7017931270711,286.6308487376466,1.0,1039.8519785415938,0.02683922831913274,5.398036407114889e-05,0.00033807322728899626
143,0.0001419999999999997,0.0001429999999999997,1e-06,0.00010000000372321422,7.941312255391236e-06,1.2566371550104985e-07,9.979348039664848e-13,4.013701206294936e-16,3.128735073411604e-09,3.1179754634843987e-09,1.0760011297325997e-11,285.01126291987316,305.651389845274,305.651389845274,900.0000000000016,305.651389845274,286.59915670280674,1.0,1039.8505164827013,0.026836239231777685,5.3835228854230565e-05,0.00033713557751356184
144,0.0001429999999999997,0.0001439999999999997,1e-06,0.00010000000371274457,7.897279957170355e-06,1.2566371547473675e-07,9.924015415621967e-13,4.023652888022579e-16,3.1287746310852025e-09,3.1179754634843987e-09,1.0799569966092576e-11,284.9814399881262,305.60123797834615,305.60123797834615,900.0000000000016,305.60123797834615,286.5675032675238,0.9999999999999999,1039.8490629971777,0.026833265202764495,5.369051521769445e-05,0.000336200887039639
145,0.0001439999999999997,0.0001449999999999997,1e-06,0.0001000000037023332,7.853555706856846e-06,1.2566371544857012e-07,9.869069896059527e-13,4.03354943067842e-16,3.1288141142110127e-09,3.1179754634843987e-09,1.0839054081556927e-11,284.9516367134272,305.5513339092088,305.5513339092088,900.0000000000016,305.5513339092088,286.53588858201874,1.0,1039.8476179658123,0.026830306015451527,5.35462242752489e-05,0.00033526916138925994
146,0.0001449999999999997,0.0001459999999999997,1e-06,0.00010000000369197972,7.810138273590692e-06,1.25663715422549e-07,9.81450993423259e-13,4.043391220593566e-16,3.128853523225859e-09,3.1179754634843987e-09,1.0878464080582498e-11,284.92185358689596,305.5016741196258,305.5016741196258,900.0000000000016,305.5016741196258,286.50431280476226,1.0,1039.8461812725152,0.026827361459107964,5.340235713444868e-05,0.00033434040596125525
147,0.0001459999999999997,0.0001469999999999997,1e-06,0.00010000000368168372,7.767026388866812e-06,1.256637153966723e-07,9.760333936090024e-13,4.0531786425287273e-16,3.1288928585563443e-09,3.1179754634843987e-09,1.091780038980961e-11,284.89209109890146,305.45225518653064,305.45225518653064,900.0000000000016,305.45225518653064,286.4727761015433,1.0,1039.844752804338,0.026824431328694866,5.325891489256595e-05,0.0003334146260114252
148,0.0001469999999999997,0.0001479999999999997,1e-06,0.00010000000367144477,7.724218746122518e-06,1.2566371537093903e-07,9.706540259756117e-13,4.06291207962665e-16,3.128932120619331e-09,3.1179754634843987e-09,1.0957063426140185e-11,284.8623497384346,305.4030737785081,305.4030737785081,900.0000000000016,305.4030737785081,286.44127864459375,1.0,1039.8433324512134,0.026821515424657702,5.311589863314325e-05,0.0003324918266344031
149,0.0001479999999999997,0.0001489999999999997,1e-06,0.00010000000366126249,7.681714004052173e-06,1.2566371534534818e-07,9.65312721969587e-13,4.072591913366376e-16,3.1289713098224176e-09,3.1179754634843987e-09,1.0996253597210071e-11,284.8326299925275,305.3541266524253,305.3541266524253,900.0000000000016,305.3541266524253,286.4098206117677,1.0,1039.8419201059917,0.02681861355272085,5.297330942247082e-05,0.000331572012747242
150,0.0001489999999999997,0.0001499999999999997,1e-06,0.00010000000365113647,7.639510786194837e-06,1.256637153198987e-07,9.600093086196835e-13,4.0822185235193225e-16,3.129010426564374e-09,3.1179754634843987e-09,1.1035371301827858e-11,284.80293234571445,305.3054106502086,305.3054106502086,900.0000000000016,305.3054106502086,286.3784021857709,1.0,1039.840515664188,0.02681572552369776,5.283114830670659e-05,0.00033065518907455827
151,0.0001499999999999997,0.00015099999999999969,1e-06,0.00010000000364106631,7.5976076842143496e-06,1.2566371529458965e-07,9.547436089490985e-13,4.0917922881071667e-16,3.1290494712355717e-09,3.1179754634843987e-09,1.10744169304017e-11,284.7732572795323,305.25692269575245,305.25692269575245,900.0000000000016,305.25692269575245,286.34702355343876,1.0,1039.8391190240275,0.02681285115330461,5.268941630890188e-05,0.0003297413601351156
152,0.00015099999999999969,0.00015199999999999968,1e-06,0.00010000000363105159,7.556003257481819e-06,1.2566371526941988e-07,9.495154419230044e-13,4.101313583361527e-16,3.12908844421837e-09,3.1179754634843987e-09,1.1113390865329749e-11,284.7436052720582,305.2086597919608,305.2086597919608,900.0000000000016,305.2086597919608,286.31568490506004,1.0,1039.837730086203,0.026809990261983933,5.254811442661984e-05,0.000328830530229798
153,0.00015199999999999968,0.00015299999999999968,1e-06,0.00010000000362109194,7.514696036304498e-06,1.2566371524438857e-07,9.44324622854304e-13,4.1107827836854136e-16,3.129127345887514e-09,3.1179754634843987e-09,1.1152293481393481e-11,284.7139767974834,305.16061901791227,305.16061901791227,900.0000000000016,305.16061901791227,286.2843864337444,1.0,1039.8363487539284,0.02680714267473539,5.240724362943893e-05,0.00032792270343087195
154,0.00015299999999999968,0.00015399999999999968,1e-06,0.00010000000361118694,7.473684521491928e-06,1.256637152194946e-07,9.391709633491064e-13,4.1202002616164308e-16,3.1291661766104775e-09,3.1179754634843987e-09,1.1191125146105104e-11,284.68437232572114,305.1127975261435,305.1127975261435,900.0000000000016,305.1127975261435,286.25312833482985,1.0,1039.8349749327042,0.026804308220953157,5.2266804857019754e-05,0.00032701788357247785
155,0.00015399999999999968,0.00015499999999999967,1e-06,0.00010000000360133621,7.432967187533662e-06,1.2566371519473698e-07,9.340542717060552e-13,4.1295663877917067e-16,3.129204936747816e-09,3.1179754634843987e-09,1.1229886220056224e-11,284.65479232204444,305.0651925400438,305.0651925400438,900.0000000000016,305.0651925400438,286.22191080532997,0.9999999999999999,1039.8336085303786,0.026801486734269547,5.212679901703456e-05,0.0003261160742421979
156,0.00015499999999999967,0.00015599999999999967,1e-06,0.00010000000359153936,7.392542482141163e-06,1.2566371517011482e-07,9.289743528587607e-13,4.138881530914531e-16,3.129243626653489e-09,3.1179754634843987e-09,1.1268577057243331e-11,284.62523724675515,305.01780135136096,305.01780135136096,900.0000000000016,305.01780135136096,286.1907340434171,1.0,1039.8322494569195,0.026798678052405562,5.1987226983622784e-05,0.0003252172787737242
157,0.00015599999999999967,0.00015699999999999967,1e-06,0.00010000000358179598,7.352408829361903e-06,1.2566371514562704e-07,9.239310087671274e-13,4.14814605772266e-16,3.1292822466751654e-09,3.1179754634843987e-09,1.1307198005372624e-11,284.5957075548814,304.97062131780706,304.97062131780706,900.0000000000016,304.97062131780706,286.1595982479413,0.9999999999999999,1039.8308976244864,0.02679588201703171,5.1848089595693124e-05,0.0003243215002405189
158,0.00015699999999999967,0.00015799999999999967,1e-06,0.00010000000357210572,7.3125646290932825e-06,1.2566371512127276e-07,9.189240383562739e-13,4.1573603329582773e-16,3.129320797154523e-09,3.1179754634843987e-09,1.1345749406157791e-11,284.5662036959006,304.92364986076353,304.92364986076353,900.0000000000016,304.92364986076353,286.1285036179809,1.0,1039.8295529472055,0.026793098473624474,5.170938765573322e-05,0.00032342874145036243
159,0.00015799999999999967,0.00015899999999999966,1e-06,0.00010000000356246816,7.273008260136848e-06,1.2566371509705092e-07,9.139532379003348e-13,4.1665247193395604e-16,3.129359278427512e-09,3.1179754634843987e-09,1.1384231595585121e-11,284.536726113488,304.87688446308186,304.87688446308186,900.0000000000016,304.87688446308186,286.09745035242565,1.0,1039.8282153412458,0.026790327271338815,5.157112192843432e-05,0.00032253900494078866
160,0.00015899999999999966,0.00015999999999999966,1e-06,0.00010000000355288294,7.23373807967171e-06,1.2566371507296064e-07,9.090184009562913e-13,4.1756395775338434e-16,3.1293976908246414e-09,3.1179754634843987e-09,1.1422644904200536e-11,284.50727524528975,304.8303226669717,304.8303226669717,900.0000000000016,304.8303226669717,286.0664386495878,1.0,1039.8268847246097,0.02678756826288199,5.1433293139805656e-05,0.00032165229297533455
161,0.00015999999999999966,0.00016099999999999966,1e-06,0.00010000000354334966,7.194752426243695e-06,1.256637150490009e-07,9.041193187395954e-13,4.1847052661323226e-16,3.129436034671202e-09,3.1179754634843987e-09,1.1460989657330035e-11,284.4778515227167,304.7839620719753,304.7839620719753,900.0000000000016,304.7839620719753,286.0354687068423,1.0,1039.8255610172057,0.026784821304391013,5.129590197609327e-05,0.000320768607540504
162,0.00016099999999999966,0.00016199999999999966,1e-06,0.00010000000353386795,7.156049619204225e-06,1.2566371502517073e-07,8.992557800536612e-13,4.193722141626289e-16,3.129474310287527e-09,3.1179754634843987e-09,1.1499266175342323e-11,284.4484553707602,304.737800333025,304.737800333025,900.0000000000015,304.737800333025,286.00454072029237,0.9999999999999999,1039.8242441406446,0.02678208625531716,5.1158949083156975e-05,0.0003198879503434537
163,0.00016199999999999966,0.00016299999999999965,1e-06,0.00010000000352443745,7.11762796162678e-06,1.2566371500146932e-07,8.944275716563567e-13,4.202690558384839e-16,3.129512517989203e-09,3.1179754634843987e-09,1.1537474773860158e-11,284.4190872078277,304.69183515857867,304.69183515857867,900.0000000000015,304.69183515857867,285.97365488446053,1.0,1039.8229340183254,0.026779362978313914,5.102243506564159e-05,0.0003190103228103359
164,0.00016299999999999965,0.00016399999999999965,1e-06,0.00010000000351505776,7.079485739705613e-06,1.2566371497789557e-07,8.896344781844423e-13,4.211610868634043e-16,3.12955065808729e-09,3.1179754634843987e-09,1.1575615763977896e-11,284.3897474455961,304.64606430882895,304.64606430882895,900.0000000000015,304.64606430882895,285.94281139200257,0.9999999999999999,1039.8216305752317,0.026776651339131152,5.0886360486592664e-05,0.00031813572608520454
165,0.00016399999999999965,0.00016499999999999965,1e-06,0.00010000000350572852,7.041621225604547e-06,1.2566371495444866e-07,8.848762825115652e-13,4.220483422437523e-16,3.12958873088852e-09,3.1179754634843987e-09,1.1613689452463326e-11,284.36043648888335,304.6004855939847,304.6004855939847,900.0000000000015,304.6004855939847,285.9120104334443,1.0,1039.8203337380198,0.026773951206511534,5.075072586684285e-05,0.00031726416102952504
166,0.00016499999999999965,0.00016599999999999964,1e-06,0.00010000000349644936,7.004032676810806e-06,1.256637149311276e-07,8.801527656670557e-13,4.229308567678416e-16,3.129626736695489e-09,3.1179754634843987e-09,1.1651696141947091e-11,284.33115473553636,304.555096872622,304.555096872622,900.0000000000015,304.555096872622,285.8812521969387,1.0,1039.819043434824,0.026771262452092298,5.0615531684833424e-05,0.00031639562822217146
167,0.00016599999999999964,0.00016699999999999964,1e-06,0.00010000000348721992,6.9667183389152445e-06,1.2566371490793147e-07,8.754637071853032e-13,4.238086650042678e-16,3.1296646758068456e-09,3.1179754634843987e-09,1.1689636131111704e-11,284.30190257633404,304.50989605009875,304.50989605009875,900.0000000000015,304.50989605009875,285.8505368680434,1.0,1039.8177595953475,0.026768584950309534,5.048077837619449e-05,0.00031553012795992126
168,0.00016699999999999964,0.00016799999999999964,1e-06,0.00010000000347803984,6.929676444923146e-06,1.256637148848594e-07,8.708088850191483e-13,4.2468180130037005e-16,3.1297025485174566e-09,3.1179754634843987e-09,1.1727509714859047e-11,284.272680394905,304.46488107703334,304.46488107703334,900.0000000000015,304.46488107703334,285.81986462951625,1.0,1039.816482150672,0.0267659185783089,5.034646633374094e-05,0.00031466766025838
169,0.00016799999999999964,0.00016899999999999964,1e-06,0.00010000000346890873,6.89290521796291e-06,1.2566371486191042e-07,8.661880758802656e-13,4.2555029978081976e-16,3.129740355118567e-09,3.1179754634843987e-09,1.1765317184467952e-11,284.24348856765863,304.42004994784213,304.42004994784213,900.0000000000015,304.42004994784213,285.78923566112866,0.9999999999999999,1039.8152110333535,0.026763263215856564,5.021259590722075e-05,0.00031380822485331365
170,0.00016899999999999964,0.00016999999999999963,1e-06,0.00010000000345982626,6.856402870556244e-06,1.2566371483908368e-07,8.616010551474546e-13,4.2641419434633363e-16,3.1297780958979693e-09,3.1179754634843987e-09,1.1803058827765011e-11,284.2143274637293,304.3754006993357,304.3754006993357,900.0000000000015,304.3754006993357,285.75865013949607,1.0,1039.8139461772325,0.026760618745255784,5.0079167403461006e-05,0.000312951821202376
171,0.00016999999999999963,0.00017099999999999963,1e-06,0.00010000000345079207,6.820167607251692e-06,1.2566371481637827e-07,8.570475971975776e-13,4.2727351867250615e-16,3.1298157711401364e-09,3.1179754634843987e-09,1.1840734929256515e-11,284.1851974449324,304.33093140936796,304.33093140936796,900.0000000000015,304.33093140936796,285.72810823792287,1.0,1039.812687517539,0.026757985051268172,4.9946181086263524e-05,0.0003120984484871624
172,0.00017099999999999963,0.00017199999999999963,1e-06,0.00010000000344180578,6.784197623858995e-06,1.2566371479379327e-07,8.525274753093468e-13,4.281283062087596e-16,3.129853381126368e-09,3.1179754634843987e-09,1.1878345770275688e-11,284.1560988657304,304.2866401955387,304.2866401955387,900.0000000000015,304.2866401955387,285.6976101262633,1.0,1039.8114349907028,0.02675536202103201,4.981363717668075e-05,0.00031124810561557
173,0.00017199999999999963,0.00017299999999999962,1e-06,0.00010000000343286707,6.748491110008712e-06,1.2566371477132784e-07,8.480404619849764e-13,4.2897859017740676e-16,3.1298909261349238e-09,3.1179754634843987e-09,1.1915891629115041e-11,284.1270320732116,304.2425252139476,304.2425252139476,900.0000000000015,304.2425252139476,285.6671559707955,1.0,1039.8101885344595,0.026752749543991705,4.968153585303131e-05,0.00031040079122448606
174,0.00017299999999999962,0.00017399999999999962,1e-06,0.00010000000342397557,6.713046248342232e-06,1.2566371474898108e-07,8.435863288483957e-13,4.2982440357282346e-16,3.1299284064411385e-09,3.1179754634843987e-09,1.1953372781143413e-11,284.097997407077,304.19858465799376,304.19858465799376,900.0000000000015,304.19858465799376,285.63674593410894,1.0000000000000002,1039.808948087669,0.026750147511822746,4.954987725129247e-05,0.0003095565036827264
175,0.00017399999999999962,0.00017499999999999962,1e-06,0.00010000000341513094,6.6778612170118215e-06,1.2566371472675207e-07,8.391648469594149e-13,4.3066577916072736e-16,3.1299658223175538e-09,3.1179754634843987e-09,1.1990789498934186e-11,284.0689951996359,304.15481675722333,304.15481675722333,900.0000000000015,304.15481675722333,285.60638017500366,1.0,1039.8077135904205,0.026747555818366665,4.941866146522373e-05,0.00030871524109416914
176,0.00017499999999999962,0.00017599999999999962,1e-06,0.00010000000340633282,6.642934188825109e-06,1.2566371470464e-07,8.347757867062177e-13,4.3150274947756016e-16,3.1300031740340213e-09,3.1179754634843987e-09,1.2028142052371993e-11,284.04002577581156,304.11121977622,304.11121977622,900.0000000000015,304.11121977622,285.57605884840183,1.0,1039.8064849838581,0.02674497435956119,4.928788854684464e-05,0.00030787700130118374
177,0.00017599999999999962,0.0001769999999999996,1e-06,0.00010000000339758089,6.608263333672876e-06,1.2566371468264397e-07,8.30418918110446e-13,4.323353468299685e-16,3.1300404618578142e-09,3.1179754634843987e-09,1.2065430708762317e-11,284.01108945315315,304.0677920135383,304.0677920135383,900.0000000000015,304.0677920135383,285.5457821052692,1.0,1039.805262210286,0.026742403033378208,4.915755850665469e-05,0.0003070417818881861
178,0.0001769999999999996,0.0001779999999999996,1e-06,0.00010000000338887481,6.573846817641928e-06,1.2566371466076326e-07,8.260940107157218e-13,4.331636032943816e-16,3.1300776860537234e-09,3.1179754634843987e-09,1.2102655732927857e-11,283.9821865418568,304.0245318006772,304.0245318006772,900.0000000000015,304.0245318006772,285.51555009254787,1.0,1039.8040452129935,0.026739841739760864,4.9027671314190215e-05,0.0003062095801854388
179,0.0001779999999999996,0.0001789999999999996,1e-06,0.00010000000338021422,6.539682805375605e-06,1.256637146389968e-07,8.218008338842742e-13,4.3398755071668164e-16,3.1301148468841524e-09,3.1179754634843987e-09,1.2139817387304484e-11,283.9533173447915,303.9814375010922,303.9814375010922,900.0000000000015,303.9814375010922,285.4853629530976,1.0,1039.802833936369,0.026737290380568112,4.889822689831895e-05,0.00030538039327294763
180,0.0001789999999999996,0.0001799999999999996,1e-06,0.0001000000033715988,6.5057694591484644e-06,1.2566371461734387e-07,8.175391566806642e-13,4.348072207119641e-16,3.130151944609213e-09,3.1179754634843987e-09,1.2176915932034712e-11,283.924482157533,303.93850750924435,303.93850750924435,900.0000000000015,303.93850750924435,285.4552208256465,1.0,1039.8016283257257,0.026734748859512728,4.876922514786421e-05,0.0003045542179845395
181,0.0001799999999999996,0.0001809999999999996,1e-06,0.00010000000336302822,6.472104941162862e-06,1.2566371459580366e-07,8.133087481603805e-13,4.3562264466438463e-16,3.130188979486809e-09,3.1179754634843987e-09,1.2213951625054547e-11,283.8956812684025,303.8957402496859,303.8957402496859,900.0000000000015,303.8957402496859,285.4251238447507,1.0,1039.8004283274147,0.026732217082111633,4.8640665911958505e-05,0.00030373105091205025
182,0.0001809999999999996,0.0001819999999999996,1e-06,0.00010000000335450215,6.438687412585973e-06,1.2566371457437532e-07,8.091093772488268e-13,4.3643385372708923e-16,3.1302259517727095e-09,3.1179754634843987e-09,1.2250924722164631e-11,283.86691495851125,303.8531341761777,303.8531341761777,900.0000000000015,303.8531341761777,285.39507214076053,1.0,1039.7992338886568,0.026729694955628013,4.851254900072617e-05,0.0003029108884096286
183,0.0001819999999999996,0.0001829999999999996,1e-06,0.00010000000334602026,6.405515035788854e-06,1.25663714553058e-07,8.049408130226916e-13,4.3724087882222497e-16,3.130262861720635e-09,3.1179754634843987e-09,1.2287835477115439e-11,283.83818350181014,303.8106877708425,303.8106877708425,900.0000000000015,303.8106877708425,285.36506583979553,1.0,1039.7980449576546,0.026727182389027437,4.838487418568623e-05,0.0003020937265981289
184,0.0001829999999999996,0.0001839999999999996,1e-06,0.00010000000333758222,6.37258597334495e-06,1.256637145318509e-07,8.008028245840971e-13,4.3804375064102835e-16,3.130299709582324e-09,3.1179754634843987e-09,1.2324684141675933e-11,283.80948716514416,303.76839954334537,303.76839954334537,900.0000000000015,303.76839954334537,285.3351050637256,1.0,1039.7968614834276,0.02672467929292016,4.825764120047936e-05,0.00030127956136960634
185,0.0001839999999999996,0.0001849999999999996,1e-06,0.0001000000033291877,6.339898390212465e-06,1.2566371451075317e-07,7.966951813348427e-13,4.388424996439878e-16,3.130336495607602e-09,3.1179754634843987e-09,1.2361470965703049e-11,283.78082620831043,303.7262680301097,303.7262680301097,900.0000000000015,303.7262680301097,285.3051899301588,1.0,1039.7956834159302,0.026722185579524126,4.8130849741313936e-05,0.0003004683883918538
186,0.0001849999999999996,0.0001859999999999996,1e-06,0.0001000000033208364,6.307450452700339e-06,1.2566371448976406e-07,7.926176528464685e-13,4.3963715606107846e-16,3.1303732200444486e-09,3.1179754634843987e-09,1.23981961972058e-11,283.7522008841204,303.6842917935539,303.6842917935539,900.0000000000015,303.6842917935539,285.2753205524348,1.0,1039.794510705881,0.026719701162609875,4.8004499467726154e-05,0.0002996602031130099
187,0.0001859999999999996,0.00018699999999999959,1e-06,0.00010000000331252798,6.275240330591031e-06,1.256637144688827e-07,7.885700091270084e-13,4.404277498920652e-16,3.1304098831390557e-09,3.1179754634843987e-09,1.2434860082406903e-11,283.723611438466,303.64246942136504,303.64246942136504,900.0000000000015,303.64246942136504,285.24549703962447,1.0,1039.7933433048872,0.026717225957463387,4.787859000305692e-05,0.0002988550007662241
188,0.00018699999999999959,0.00018799999999999958,1e-06,0.00010000000330426214,6.243266196076284e-06,1.256637144481084e-07,7.845520204872582e-13,4.412143109068723e-16,3.1304464851358905e-09,3.1179754634843987e-09,1.2471462865802749e-11,283.6950581103889,303.600799525792,303.600799525792,900.0000000000015,303.600799525792,285.21571949653446,0.9999999999999999,1039.7921811652773,0.026714759880842903,4.775312093524208e-05,0.00029805277637435433
189,0.00018799999999999958,0.00018899999999999958,1e-06,0.00010000000329603858,6.211526225827109e-06,1.2566371442744033e-07,7.805634578008941e-13,4.419968686460164e-16,3.1304830262777416e-09,3.1179754634843987e-09,1.250800479021138e-11,283.6665411321519,303.5592807429649,303.5592807429649,900.0000000000015,303.5592807429649,285.18598802371673,1.0,1039.791024240222,0.02671230285093415,4.762809181731427e-05,0.000297253524754668
190,0.00018899999999999958,0.00018999999999999958,1e-06,0.00010000000328785697,6.180018599898829e-06,1.256637144068777e-07,7.766040923668787e-13,4.427754524211003e-16,3.1305195068057765e-09,3.1179754634843987e-09,1.2544486096829977e-11,283.6380607293151,303.51791173224376,303.51791173224376,900.0000000000015,303.51791173224376,285.1563027174825,1.0,1039.7898724835745,0.02670985478731825,4.7503502168208535e-05,0.0002964572405236294
191,0.00018999999999999958,0.00019099999999999957,1e-06,0.000100000003279717,6.148741503747086e-06,1.2566371438641971e-07,7.726736961627987e-13,4.4355009131536513e-16,3.130555926959587e-09,3.1179754634843987e-09,1.2580907025279528e-11,283.60961712081115,303.4766911755827,303.4766911755827,900.0000000000015,303.4766911755827,285.12666366992045,0.9999999999999999,1039.788725849988,0.02670741561092635,4.737935147328968e-05,0.00029566391810159545
192,0.00019099999999999957,0.00019199999999999957,1e-06,0.00010000000327161837,6.117693127110573e-06,1.2566371436606564e-07,7.687720417044659e-13,4.443208141842987e-16,3.1305922869772423e-09,3.1179754634843987e-09,1.261726781365777e-11,283.5812105190264,303.435617776924,303.435617776924,900.0000000000015,303.435617776924,285.0970709689185,1.0,1039.7875842947578,0.026704985244009313,4.72556391851641e-05,0.0002948735517176233
193,0.00019199999999999957,0.00019299999999999957,1e-06,0.00010000000326356079,6.086871665969079e-06,1.2566371434581473e-07,7.648989022919717e-13,4.45087649656297e-16,3.1306285870953227e-09,3.1179754634843987e-09,1.2653568698573512e-11,283.5528411298808,303.3946902616083,303.3946902616083,900.0000000000015,303.3946902616083,285.06752469818974,1.0,1039.7864477739442,0.026702563610099712,4.7132364724222106e-05,0.00029408613541418636
194,0.00019299999999999957,0.00019399999999999957,1e-06,0.00010000000325554392,6.056275321405503e-06,1.2566371432566614e-07,7.610540518666831e-13,4.458506261333763e-16,3.130664827548967e-09,3.1179754634843987e-09,1.2689809915194203e-11,283.5245091529119,303.35390737580735,303.35390737580735,900.0000000000015,303.35390737580735,285.03802493730154,1.0,1039.7853162442134,0.026700150633976967,4.7009527479459834e-05,0.0002933016630519469
195,0.00019399999999999957,0.00019499999999999956,1e-06,0.0001000000032475675,6.02590230151647e-06,1.2566371430561923e-07,7.572372652513391e-13,4.466097717919353e-16,3.1307010085719096e-09,3.1179754634843987e-09,1.2725991697282738e-11,283.4962147813591,303.31326788597823,303.31326788597823,900.0000000000015,303.31326788597823,285.00857176170734,1.0,1039.78418966296,0.02669774624163826,4.6887126809025635e-05,0.00029252012831447417
196,0.00019499999999999956,0.00019599999999999956,1e-06,0.00010000000323963121,5.995750820247356e-06,1.2566371428567314e-07,7.534483180036541e-13,4.473651145835628e-16,3.130737130396517e-09,3.1179754634843987e-09,1.2762114277233029e-11,283.4679582022488,303.272770578333,303.272770578333,900.0000000000015,303.272770578333,284.9791652427815,1.0,1039.7830679881508,0.026695350360261556,4.676516204104952e-05,0.0002917415247129363
197,0.00019599999999999956,0.00019699999999999956,1e-06,0.00010000000323173478,5.965819099261278e-06,1.2566371426582724e-07,7.49686986651184e-13,4.481166822358902e-16,3.130773193253826e-09,3.1179754634843987e-09,1.2798177886109707e-11,283.43973959648275,303.2324142583296,303.2324142583296,900.0000000000015,303.2324142583296,284.949805447857,1.0,1039.7819511784503,0.026692962918181986,4.664363247418532e-05,0.0002909658455908148
198,0.00019699999999999956,0.00019799999999999955,1e-06,0.0001000000032238779,5.936105366745606e-06,1.2566371424608075e-07,7.459530485413462e-13,4.488645022534865e-16,3.1308091973735684e-09,3.1179754634843987e-09,1.2834182753672115e-11,283.4115591389248,303.1921977501779,303.1921977501779,900.0000000000016,303.1921977501779,284.92049244026504,1.0,1039.7808391930619,0.026690583844855294,4.65225373784473e-05,0.0002901930841285227
199,0.00019799999999999955,0.00019899999999999955,1e-06,0.0001000000032160603,5.906607859243032e-06,1.2566371422643298e-07,7.422462820715194e-13,4.49608601918793e-16,3.1308451429842084e-09,3.1179754634843987e-09,1.2870129108411525e-11,283.38341699849025,303.15211989636555,303.15211989636555,900.0000000000016,303.15211989636555,284.891226279377,1.0,1039.7797319918568,0.026688213070834153,4.640187599574711e-05,0.00028942323334803477
200,0.00019899999999999955,0.00019999999999999955,1e-06,0.00010000000320828167,5.8773248204369185e-06,1.2566371420688317e-07,7.385664665364058e-13,4.50349008293097e-16,3.1308810303129668e-09,3.1179754634843987e-09,1.2906017177576373e-11,283.3553133382351,303.11217955719644,303.11217955719644,900.0000000000016,303.11217955719644,284.8620070206486,1.0,1039.7786295352178,0.02668585052773816,4.6281647540724396e-05,0.00028865628611745973
201,0.00019999999999999955,0.00020099999999999955,1e-06,0.00010000000320054174,5.84825450293711e-06,1.2566371418743058e-07,7.349133823524428e-13,4.510857482175414e-16,3.130916859585859e-09,3.1179754634843987e-09,1.294184718720865e-11,283.3272483154457,303.0723756103474,303.0723756103474,900.0000000000016,303.0723756103474,284.83283471566534,1.0,1039.777531784164,0.02668349614822905,4.6161851201284175e-05,0.00028789223515556206
